pre-harvest_total,adult_prop,yearling_prop,fawn_prop,f:m_ratio
21912,0.48,0.15,0.37,1.1
20950,0.4,0.28,0.32,1.13
21032,0.43,0.23,0.34,1.17
20830,0.41,0.25,0.34,1.18
22514,0.44,0.23,0.34,1.21
23885,0.43,0.23,0.34,1.24
24741,0.42,0.24,0.34,1.25
25208,0.41,0.25,0.34,1.25
25741,0.42,0.24,0.34,1.21
25818,0.42,0.24,0.34,1.2
25774,0.42,0.24,0.34,1.2
26004,0.42,0.24,0.34,1.2
26041,0.41,0.25,0.34,1.19
26155,0.42,0.25,0.34,1.17
26327,0.42,0.24,0.34,1.18
26186,0.42,0.25,0.34,1.19
26175,0.42,0.24,0.34,1.19
26190,0.42,0.24,0.34,1.19
26371,0.42,0.25,0.34,1.19
26346,0.41,0.24,0.34,1.18
26575,0.41,0.25,0.34,1.18
26424,0.42,0.24,0.34,1.16
26289,0.42,0.24,0.34,1.2
26478,0.42,0.24,0.34,1.18
26450,0.42,0.25,0.34,1.19
26669,0.42,0.24,0.34,1.19
21773,0.49,0.14,0.37,1.07
20907,0.41,0.28,0.31,1.09
20737,0.43,0.23,0.34,1.11
20610,0.42,0.24,0.34,1.16
21737,0.44,0.23,0.33,1.22
23094,0.43,0.23,0.35,1.23
24071,0.42,0.24,0.34,1.22
24837,0.42,0.24,0.34,1.22
25394,0.42,0.24,0.34,1.22
25448,0.42,0.24,0.34,1.2
25670,0.42,0.24,0.34,1.19
25673,0.42,0.25,0.34,1.18
25741,0.42,0.25,0.34,1.16
25569,0.42,0.24,0.34,1.16
25273,0.42,0.25,0.34,1.15
25235,0.42,0.24,0.34,1.16
25096,0.42,0.24,0.34,1.16
25305,0.42,0.24,0.34,1.16
25163,0.42,0.25,0.33,1.16
24994,0.42,0.24,0.34,1.15
24964,0.42,0.24,0.34,1.15
24783,0.42,0.25,0.34,1.16
24727,0.42,0.24,0.34,1.18
24400,0.42,0.25,0.33,1.19
24409,0.42,0.24,0.34,1.21
24573,0.41,0.25,0.34,1.19
21703,0.49,0.14,0.37,1.09
20720,0.4,0.28,0.32,1.13
20660,0.43,0.23,0.34,1.14
20271,0.42,0.25,0.33,1.17
21692,0.44,0.22,0.34,1.21
23031,0.43,0.23,0.34,1.22
24004,0.42,0.23,0.34,1.24
24678,0.42,0.24,0.34,1.24
25022,0.41,0.24,0.35,1.23
25434,0.41,0.25,0.35,1.24
25538,0.42,0.25,0.34,1.21
25700,0.42,0.24,0.34,1.2
25864,0.42,0.24,0.34,1.17
25691,0.41,0.25,0.34,1.16
25717,0.42,0.25,0.34,1.18
25667,0.42,0.24,0.34,1.18
25748,0.42,0.24,0.34,1.18
25791,0.42,0.24,0.34,1.19
25651,0.42,0.25,0.34,1.18
25624,0.42,0.24,0.34,1.17
25609,0.42,0.25,0.33,1.17
25559,0.42,0.24,0.34,1.16
25695,0.42,0.24,0.34,1.16
25555,0.42,0.25,0.33,1.16
25433,0.42,0.24,0.34,1.18
25338,0.42,0.24,0.34,1.2
21736,0.48,0.15,0.37,1.09
20742,0.41,0.28,0.32,1.12
20828,0.44,0.23,0.34,1.13
20418,0.42,0.25,0.33,1.15
21684,0.44,0.23,0.33,1.21
22813,0.43,0.22,0.34,1.24
23893,0.42,0.24,0.35,1.25
24652,0.42,0.24,0.34,1.24
25292,0.41,0.24,0.35,1.19
25631,0.41,0.25,0.34,1.19
25642,0.42,0.24,0.34,1.2
25683,0.42,0.24,0.34,1.2
25553,0.42,0.25,0.33,1.18
25702,0.42,0.24,0.34,1.19
25470,0.42,0.25,0.33,1.19
25444,0.42,0.24,0.34,1.2
25666,0.41,0.24,0.34,1.19
25562,0.41,0.25,0.34,1.19
25625,0.42,0.24,0.34,1.19
25843,0.42,0.24,0.34,1.18
26201,0.42,0.24,0.34,1.18
26259,0.41,0.25,0.34,1.21
26378,0.41,0.24,0.34,1.21
26379,0.42,0.25,0.33,1.19
26351,0.42,0.24,0.34,1.17
26481,0.42,0.24,0.34,1.16
21683,0.48,0.15,0.37,1.07
20590,0.4,0.28,0.32,1.11
20534,0.44,0.23,0.34,1.14
20213,0.42,0.24,0.34,1.17
21269,0.43,0.23,0.34,1.2
22320,0.42,0.23,0.34,1.22
23161,0.42,0.24,0.34,1.2
23676,0.42,0.24,0.34,1.2
23634,0.42,0.24,0.34,1.2
24041,0.42,0.24,0.34,1.19
24356,0.42,0.24,0.34,1.18
24437,0.41,0.25,0.34,1.19
24572,0.42,0.24,0.34,1.18
24700,0.41,0.25,0.34,1.18
24618,0.42,0.25,0.33,1.18
24552,0.42,0.24,0.34,1.17
24789,0.42,0.24,0.34,1.16
24824,0.41,0.25,0.34,1.15
24833,0.42,0.24,0.34,1.18
24939,0.42,0.24,0.34,1.18
24563,0.42,0.25,0.33,1.16
24480,0.42,0.24,0.34,1.16
24506,0.42,0.24,0.34,1.17
24549,0.42,0.24,0.34,1.17
24458,0.42,0.24,0.34,1.21
24385,0.42,0.24,0.34,1.19
21592,0.49,0.14,0.37,1.08
20575,0.41,0.28,0.32,1.12
20510,0.43,0.23,0.34,1.17
20389,0.42,0.25,0.34,1.17
21871,0.44,0.22,0.34,1.24
23342,0.43,0.23,0.35,1.24
24292,0.42,0.24,0.34,1.23
25046,0.41,0.24,0.34,1.22
25386,0.42,0.24,0.34,1.22
25669,0.42,0.24,0.34,1.19
25861,0.42,0.25,0.34,1.19
26286,0.42,0.24,0.34,1.19
26245,0.42,0.25,0.34,1.2
26449,0.42,0.24,0.34,1.19
26213,0.42,0.25,0.34,1.19
26417,0.42,0.24,0.34,1.21
26664,0.42,0.24,0.34,1.18
27068,0.42,0.24,0.34,1.2
26886,0.42,0.25,0.34,1.21
26945,0.42,0.24,0.34,1.2
26878,0.42,0.25,0.34,1.2
27208,0.42,0.24,0.34,1.21
27303,0.42,0.25,0.34,1.2
27588,0.42,0.24,0.34,1.18
27550,0.42,0.25,0.34,1.18
27651,0.42,0.24,0.34,1.18
21562,0.48,0.15,0.37,1.06
20601,0.41,0.28,0.31,1.12
20749,0.44,0.23,0.34,1.15
20659,0.42,0.25,0.34,1.16
22204,0.44,0.23,0.34,1.21
23374,0.43,0.23,0.34,1.22
24240,0.42,0.24,0.34,1.23
24929,0.42,0.24,0.34,1.21
25588,0.42,0.24,0.34,1.23
26076,0.42,0.24,0.34,1.24
26478,0.41,0.24,0.34,1.22
26897,0.41,0.24,0.34,1.22
27096,0.41,0.25,0.34,1.19
27309,0.42,0.24,0.34,1.18
27252,0.42,0.25,0.33,1.16
27038,0.42,0.24,0.34,1.13
26713,0.42,0.24,0.33,1.15
26472,0.42,0.24,0.34,1.18
26397,0.42,0.24,0.34,1.19
26413,0.42,0.24,0.34,1.19
26628,0.42,0.24,0.34,1.2
26801,0.42,0.24,0.34,1.17
26660,0.42,0.25,0.34,1.18
26434,0.42,0.24,0.34,1.18
26360,0.42,0.24,0.34,1.16
26388,0.42,0.24,0.34,1.18
21875,0.48,0.15,0.37,1.08
20714,0.41,0.28,0.31,1.1
20963,0.44,0.22,0.34,1.12
20609,0.42,0.25,0.33,1.14
21437,0.44,0.23,0.33,1.17
22415,0.43,0.23,0.34,1.22
22962,0.43,0.24,0.34,1.22
23448,0.42,0.24,0.34,1.25
24024,0.42,0.24,0.34,1.24
24436,0.41,0.24,0.35,1.21
24702,0.41,0.25,0.34,1.2
24920,0.42,0.24,0.34,1.2
24786,0.42,0.24,0.34,1.2
24647,0.42,0.24,0.34,1.21
24909,0.41,0.24,0.34,1.18
24962,0.41,0.25,0.34,1.17
24756,0.42,0.24,0.34,1.17
24513,0.42,0.25,0.34,1.16
24453,0.42,0.25,0.34,1.17
24487,0.42,0.24,0.34,1.17
24210,0.42,0.25,0.34,1.16
23992,0.42,0.24,0.33,1.16
23986,0.42,0.24,0.34,1.19
24072,0.42,0.24,0.34,1.21
24197,0.42,0.24,0.34,1.21
24265,0.41,0.24,0.35,1.22
21855,0.48,0.15,0.37,1.07
20783,0.4,0.28,0.32,1.1
20740,0.43,0.23,0.34,1.13
20242,0.42,0.25,0.33,1.15
21609,0.44,0.22,0.34,1.19
22773,0.43,0.23,0.34,1.22
23605,0.42,0.24,0.34,1.22
24258,0.42,0.24,0.34,1.22
24469,0.42,0.24,0.34,1.24
24801,0.42,0.24,0.34,1.23
25033,0.42,0.24,0.34,1.21
25322,0.42,0.24,0.34,1.21
25390,0.41,0.25,0.34,1.21
25621,0.42,0.24,0.34,1.19
25765,0.41,0.24,0.34,1.19
25684,0.41,0.25,0.34,1.19
25645,0.42,0.24,0.34,1.2
25726,0.42,0.24,0.34,1.2
25755,0.42,0.24,0.34,1.2
25833,0.42,0.24,0.34,1.19
25974,0.41,0.25,0.34,1.16
25958,0.42,0.25,0.34,1.17
25878,0.42,0.24,0.34,1.15
25725,0.42,0.25,0.34,1.16
25545,0.42,0.24,0.34,1.18
25465,0.42,0.24,0.34,1.17
21980,0.48,0.14,0.38,1.08
20867,0.4,0.28,0.31,1.12
20865,0.43,0.23,0.34,1.14
20575,0.42,0.24,0.33,1.16
21488,0.44,0.23,0.33,1.18
22645,0.43,0.23,0.34,1.2
23520,0.42,0.24,0.34,1.19
24088,0.42,0.24,0.33,1.22
24569,0.42,0.24,0.34,1.22
24806,0.41,0.25,0.34,1.22
25362,0.42,0.24,0.34,1.2
25668,0.42,0.24,0.34,1.2
25771,0.41,0.24,0.34,1.2
26046,0.42,0.24,0.34,1.18
26252,0.42,0.24,0.34,1.18
26403,0.42,0.24,0.33,1.17
26599,0.42,0.24,0.34,1.17
26472,0.42,0.24,0.34,1.18
26578,0.42,0.24,0.34,1.15
26534,0.42,0.24,0.34,1.14
26435,0.42,0.24,0.34,1.15
26272,0.42,0.25,0.34,1.15
26169,0.42,0.25,0.33,1.18
26113,0.42,0.24,0.34,1.19
26161,0.42,0.24,0.34,1.18
26196,0.42,0.24,0.34,1.19
21873,0.48,0.15,0.37,1.08
20997,0.41,0.28,0.32,1.13
21051,0.43,0.23,0.33,1.15
20895,0.42,0.25,0.34,1.17
22526,0.44,0.23,0.33,1.21
24039,0.43,0.23,0.34,1.25
24834,0.42,0.24,0.34,1.21
25500,0.42,0.24,0.34,1.21
25854,0.42,0.25,0.34,1.2
26322,0.42,0.24,0.34,1.2
26631,0.41,0.25,0.34,1.19
26614,0.42,0.24,0.34,1.17
26641,0.42,0.24,0.34,1.17
26607,0.41,0.25,0.34,1.16
26745,0.42,0.25,0.33,1.17
26767,0.42,0.24,0.34,1.16
26773,0.42,0.24,0.34,1.15
26571,0.42,0.24,0.33,1.14
26725,0.42,0.24,0.34,1.16
26841,0.42,0.24,0.34,1.16
26636,0.42,0.24,0.34,1.18
26709,0.42,0.24,0.34,1.19
26733,0.42,0.24,0.34,1.18
26574,0.42,0.25,0.34,1.2
26600,0.42,0.24,0.34,1.2
26541,0.42,0.24,0.34,1.19
21697,0.48,0.15,0.37,1.07
20530,0.41,0.28,0.31,1.1
20283,0.44,0.23,0.34,1.14
20061,0.42,0.24,0.33,1.15
20987,0.44,0.23,0.33,1.19
22430,0.43,0.22,0.34,1.23
23400,0.42,0.24,0.34,1.24
24264,0.42,0.24,0.34,1.23
24836,0.42,0.24,0.34,1.21
25351,0.42,0.24,0.34,1.2
25651,0.41,0.25,0.34,1.22
25831,0.42,0.24,0.34,1.18
25608,0.42,0.25,0.34,1.18
25498,0.42,0.24,0.34,1.18
25164,0.42,0.25,0.34,1.16
25098,0.42,0.24,0.34,1.17
25182,0.42,0.24,0.34,1.17
24966,0.42,0.25,0.33,1.16
24873,0.42,0.24,0.34,1.16
24880,0.42,0.24,0.34,1.15
24791,0.42,0.25,0.33,1.15
24780,0.42,0.24,0.34,1.17
24656,0.42,0.24,0.34,1.16
24353,0.42,0.25,0.33,1.16
24198,0.42,0.24,0.34,1.17
23979,0.42,0.25,0.33,1.17
21715,0.48,0.15,0.38,1.1
20605,0.4,0.29,0.32,1.13
20624,0.43,0.23,0.34,1.14
20331,0.42,0.25,0.33,1.15
21374,0.44,0.23,0.33,1.2
22500,0.43,0.23,0.34,1.24
23209,0.42,0.24,0.34,1.22
23974,0.42,0.24,0.34,1.24
24603,0.41,0.24,0.35,1.21
24855,0.41,0.25,0.34,1.19
25202,0.42,0.24,0.34,1.19
25083,0.42,0.25,0.34,1.17
25239,0.42,0.24,0.34,1.17
25097,0.42,0.25,0.34,1.17
24793,0.42,0.24,0.34,1.2
24971,0.42,0.24,0.34,1.19
25129,0.42,0.24,0.34,1.19
25078,0.42,0.25,0.34,1.21
25393,0.41,0.25,0.34,1.19
25458,0.42,0.24,0.34,1.19
25475,0.42,0.24,0.34,1.19
25527,0.42,0.24,0.34,1.2
25488,0.42,0.24,0.34,1.2
25599,0.42,0.24,0.34,1.18
25822,0.42,0.25,0.34,1.16
25408,0.42,0.24,0.33,1.15
21679,0.48,0.15,0.37,1.09
20659,0.4,0.29,0.31,1.11
20705,0.43,0.23,0.34,1.14
20452,0.42,0.25,0.33,1.14
21392,0.44,0.23,0.33,1.15
21848,0.43,0.23,0.34,1.18
22532,0.42,0.24,0.34,1.2
23071,0.42,0.24,0.34,1.21
23590,0.42,0.24,0.35,1.2
23846,0.41,0.25,0.34,1.19
24105,0.42,0.24,0.34,1.2
24364,0.41,0.25,0.34,1.21
24414,0.41,0.25,0.34,1.19
24629,0.42,0.24,0.34,1.18
24584,0.42,0.25,0.34,1.17
24724,0.42,0.24,0.34,1.2
24588,0.42,0.24,0.34,1.21
24549,0.42,0.24,0.34,1.19
24402,0.42,0.24,0.34,1.18
24537,0.42,0.24,0.34,1.19
24204,0.42,0.25,0.34,1.18
24112,0.42,0.24,0.34,1.2
24198,0.42,0.24,0.34,1.19
24297,0.42,0.24,0.34,1.18
24304,0.41,0.24,0.34,1.17
24320,0.42,0.25,0.34,1.16
21575,0.48,0.15,0.37,1.08
20614,0.41,0.27,0.32,1.11
20416,0.43,0.23,0.34,1.12
19988,0.42,0.25,0.33,1.15
20990,0.44,0.22,0.33,1.2
22189,0.43,0.23,0.34,1.24
23444,0.42,0.24,0.35,1.27
24393,0.42,0.24,0.35,1.26
25374,0.41,0.24,0.35,1.24
25603,0.41,0.25,0.34,1.25
26166,0.42,0.24,0.34,1.22
26299,0.42,0.24,0.34,1.21
26473,0.42,0.24,0.34,1.22
26616,0.41,0.24,0.34,1.22
26597,0.41,0.25,0.34,1.21
26778,0.42,0.24,0.34,1.18
26858,0.42,0.24,0.34,1.17
26843,0.42,0.25,0.34,1.18
26773,0.41,0.25,0.34,1.19
26768,0.42,0.24,0.34,1.2
26648,0.42,0.25,0.34,1.18
26633,0.42,0.24,0.34,1.18
26763,0.42,0.25,0.34,1.2
26809,0.42,0.25,0.34,1.18
26614,0.42,0.24,0.34,1.18
26629,0.41,0.25,0.34,1.19
21766,0.48,0.15,0.37,1.09
20508,0.41,0.28,0.31,1.09
20519,0.44,0.22,0.34,1.15
20311,0.42,0.25,0.33,1.15
21624,0.44,0.23,0.34,1.21
22915,0.43,0.23,0.34,1.22
23788,0.42,0.24,0.34,1.2
24470,0.42,0.24,0.34,1.19
24720,0.42,0.24,0.34,1.18
25078,0.42,0.24,0.34,1.19
25070,0.42,0.24,0.34,1.18
25006,0.42,0.24,0.34,1.19
25132,0.42,0.24,0.34,1.21
25455,0.42,0.24,0.34,1.19
25861,0.42,0.24,0.34,1.19
25867,0.42,0.25,0.34,1.17
25841,0.42,0.24,0.34,1.17
25879,0.42,0.25,0.33,1.17
25757,0.42,0.24,0.34,1.19
25883,0.42,0.24,0.34,1.2
25702,0.41,0.25,0.34,1.2
25720,0.42,0.24,0.34,1.19
25839,0.41,0.25,0.34,1.19
25747,0.42,0.25,0.34,1.19
25786,0.41,0.24,0.34,1.18
26149,0.41,0.25,0.34,1.19
21833,0.48,0.15,0.37,1.07
20734,0.41,0.28,0.31,1.1
20878,0.43,0.22,0.34,1.12
20671,0.42,0.25,0.33,1.14
21790,0.44,0.23,0.33,1.2
23070,0.44,0.22,0.34,1.22
23983,0.42,0.24,0.34,1.21
24582,0.42,0.24,0.34,1.2
24768,0.42,0.24,0.34,1.19
25030,0.42,0.24,0.34,1.2
25276,0.42,0.24,0.34,1.19
25303,0.42,0.24,0.34,1.2
25586,0.42,0.24,0.34,1.19
25670,0.41,0.25,0.34,1.17
25621,0.42,0.24,0.34,1.18
25478,0.42,0.25,0.33,1.17
25579,0.42,0.24,0.34,1.19
25471,0.42,0.24,0.34,1.17
25280,0.42,0.24,0.34,1.2
25198,0.42,0.25,0.34,1.19
25157,0.42,0.24,0.34,1.19
25267,0.41,0.24,0.34,1.18
25283,0.42,0.25,0.34,1.17
25447,0.42,0.24,0.34,1.17
25264,0.42,0.25,0.34,1.18
25155,0.42,0.24,0.33,1.17
21846,0.48,0.14,0.38,1.09
20971,0.4,0.29,0.31,1.14
20769,0.44,0.23,0.33,1.18
20716,0.42,0.24,0.33,1.17
21773,0.44,0.23,0.34,1.21
23051,0.43,0.23,0.34,1.24
24170,0.42,0.24,0.35,1.22
24773,0.41,0.24,0.34,1.19
25090,0.42,0.25,0.34,1.2
25038,0.42,0.24,0.33,1.21
25293,0.42,0.24,0.34,1.19
25359,0.41,0.25,0.34,1.2
25451,0.42,0.25,0.34,1.2
25677,0.42,0.24,0.34,1.19
25721,0.42,0.24,0.34,1.17
25675,0.42,0.24,0.34,1.17
25704,0.42,0.25,0.34,1.16
25495,0.42,0.24,0.34,1.17
25408,0.42,0.24,0.34,1.19
25443,0.42,0.24,0.34,1.19
25508,0.42,0.24,0.34,1.19
25320,0.42,0.25,0.34,1.19
25321,0.42,0.24,0.34,1.16
25357,0.41,0.24,0.34,1.16
25272,0.42,0.25,0.33,1.18
25245,0.42,0.24,0.34,1.19
21641,0.48,0.15,0.37,1.07
20607,0.41,0.28,0.32,1.12
20695,0.44,0.23,0.34,1.17
20394,0.42,0.25,0.33,1.16
21132,0.44,0.23,0.33,1.19
22031,0.43,0.23,0.34,1.22
22722,0.42,0.24,0.34,1.23
23029,0.42,0.24,0.34,1.22
23552,0.41,0.24,0.35,1.24
23861,0.41,0.24,0.34,1.22
24222,0.41,0.24,0.34,1.21
24539,0.41,0.25,0.34,1.19
24713,0.42,0.24,0.34,1.18
24749,0.42,0.24,0.34,1.19
24768,0.42,0.24,0.34,1.19
24880,0.42,0.24,0.34,1.18
24938,0.42,0.25,0.34,1.19
25186,0.42,0.24,0.34,1.2
25104,0.42,0.24,0.34,1.21
25291,0.42,0.24,0.34,1.19
25487,0.42,0.24,0.34,1.19
25451,0.42,0.24,0.34,1.2
25351,0.42,0.24,0.34,1.19
25493,0.42,0.24,0.34,1.19
25513,0.41,0.24,0.34,1.17
25201,0.42,0.25,0.33,1.17
21931,0.48,0.15,0.37,1.09
20929,0.4,0.29,0.31,1.13
21101,0.44,0.22,0.34,1.14
20937,0.42,0.25,0.33,1.15
22339,0.44,0.23,0.33,1.23
23931,0.42,0.23,0.35,1.24
24947,0.42,0.24,0.34,1.24
25920,0.42,0.24,0.35,1.22
26428,0.41,0.24,0.35,1.22
26573,0.42,0.25,0.34,1.22
27019,0.42,0.24,0.34,1.21
26975,0.42,0.24,0.34,1.21
26901,0.42,0.24,0.34,1.2
26949,0.41,0.24,0.34,1.19
26996,0.41,0.25,0.34,1.18
26762,0.42,0.25,0.34,1.17
26778,0.42,0.24,0.34,1.19
26764,0.42,0.24,0.34,1.2
26955,0.42,0.24,0.34,1.19
27041,0.42,0.24,0.34,1.18
26995,0.42,0.24,0.34,1.19
27257,0.42,0.24,0.34,1.18
27129,0.42,0.25,0.34,1.16
27082,0.42,0.24,0.34,1.16
27278,0.42,0.24,0.34,1.18
27163,0.42,0.25,0.33,1.19
21456,0.48,0.15,0.37,1.06
20370,0.41,0.28,0.32,1.1
20085,0.44,0.23,0.33,1.12
19861,0.42,0.25,0.33,1.14
21000,0.44,0.22,0.33,1.17
22219,0.43,0.23,0.34,1.21
23026,0.42,0.24,0.34,1.22
23340,0.42,0.24,0.34,1.22
23891,0.42,0.24,0.34,1.21
24400,0.41,0.24,0.34,1.21
24821,0.42,0.24,0.34,1.18
24820,0.41,0.24,0.34,1.17
25066,0.42,0.25,0.34,1.15
24955,0.42,0.24,0.34,1.16
25001,0.42,0.24,0.34,1.17
24868,0.42,0.24,0.34,1.18
24789,0.42,0.25,0.34,1.19
24914,0.41,0.24,0.34,1.21
25031,0.42,0.24,0.34,1.18
25373,0.42,0.24,0.34,1.19
25395,0.42,0.24,0.34,1.19
25342,0.42,0.25,0.34,1.2
25491,0.42,0.24,0.34,1.19
25356,0.41,0.25,0.34,1.2
25515,0.42,0.24,0.34,1.2
25574,0.42,0.25,0.34,1.18
21789,0.49,0.14,0.37,1.1
20707,0.4,0.28,0.31,1.12
20618,0.44,0.23,0.34,1.13
20433,0.42,0.25,0.33,1.15
21702,0.44,0.23,0.33,1.19
22931,0.43,0.23,0.34,1.23
23686,0.42,0.24,0.34,1.22
24383,0.42,0.24,0.34,1.21
24869,0.42,0.24,0.34,1.23
25370,0.42,0.24,0.34,1.23
25593,0.41,0.25,0.34,1.24
25955,0.41,0.24,0.34,1.2
26186,0.41,0.24,0.34,1.19
26175,0.42,0.24,0.34,1.18
26150,0.42,0.24,0.34,1.18
26155,0.42,0.24,0.34,1.2
26195,0.42,0.24,0.34,1.19
26159,0.42,0.25,0.34,1.2
26151,0.42,0.24,0.33,1.2
26324,0.42,0.24,0.34,1.19
26450,0.42,0.24,0.34,1.22
26563,0.42,0.24,0.34,1.22
26691,0.41,0.24,0.34,1.21
26834,0.41,0.25,0.34,1.2
27023,0.42,0.24,0.34,1.18
27020,0.42,0.24,0.34,1.18
21576,0.48,0.16,0.37,1.07
20619,0.41,0.28,0.32,1.11
20339,0.44,0.23,0.33,1.16
20387,0.42,0.24,0.34,1.19
21507,0.44,0.23,0.33,1.22
22764,0.43,0.23,0.34,1.21
23759,0.42,0.24,0.34,1.21
24433,0.41,0.24,0.34,1.24
24945,0.42,0.24,0.34,1.24
25298,0.41,0.24,0.34,1.22
25411,0.41,0.25,0.34,1.18
25736,0.42,0.24,0.34,1.18
25775,0.42,0.24,0.34,1.18
25670,0.42,0.25,0.34,1.18
25788,0.42,0.24,0.34,1.18
25882,0.42,0.24,0.34,1.17
25927,0.42,0.24,0.34,1.17
25893,0.42,0.25,0.34,1.16
25924,0.42,0.24,0.34,1.17
25775,0.42,0.25,0.33,1.17
25550,0.42,0.25,0.34,1.17
25694,0.42,0.24,0.34,1.19
25648,0.42,0.25,0.34,1.2
25548,0.42,0.24,0.34,1.17
25544,0.42,0.24,0.34,1.18
25567,0.42,0.25,0.34,1.17
21792,0.48,0.15,0.37,1.08
20542,0.41,0.28,0.31,1.1
20577,0.44,0.22,0.34,1.14
20363,0.42,0.25,0.33,1.17
21328,0.43,0.23,0.34,1.2
22479,0.43,0.23,0.34,1.22
23243,0.42,0.24,0.34,1.21
23760,0.42,0.24,0.34,1.21
24085,0.42,0.24,0.34,1.2
24575,0.42,0.24,0.34,1.22
24790,0.42,0.24,0.34,1.2
24750,0.41,0.24,0.34,1.19
24650,0.42,0.24,0.34,1.19
24932,0.42,0.24,0.34,1.17
24873,0.42,0.25,0.34,1.19
24899,0.42,0.25,0.34,1.19
24806,0.42,0.24,0.34,1.2
24676,0.41,0.25,0.34,1.2
24859,0.42,0.25,0.34,1.19
24742,0.42,0.24,0.34,1.2
24920,0.42,0.24,0.34,1.19
24780,0.42,0.25,0.34,1.18
24865,0.42,0.24,0.34,1.17
24761,0.42,0.24,0.34,1.17
24500,0.42,0.25,0.34,1.16
24683,0.42,0.24,0.34,1.16
21730,0.48,0.15,0.37,1.09
20755,0.41,0.28,0.31,1.15
20769,0.43,0.22,0.34,1.17
20554,0.42,0.25,0.34,1.18
21786,0.43,0.23,0.33,1.22
22949,0.42,0.23,0.35,1.24
23918,0.42,0.24,0.34,1.24
24737,0.42,0.24,0.35,1.25
25223,0.41,0.25,0.34,1.24
25669,0.41,0.24,0.34,1.2
25970,0.42,0.24,0.34,1.2
26140,0.42,0.24,0.34,1.18
26560,0.41,0.24,0.34,1.21
26647,0.41,0.24,0.34,1.19
26810,0.41,0.25,0.34,1.19
26785,0.42,0.24,0.34,1.19
26855,0.42,0.24,0.34,1.17
26646,0.41,0.24,0.34,1.18
26778,0.42,0.24,0.34,1.18
26776,0.42,0.25,0.34,1.19
26722,0.42,0.24,0.34,1.19
26668,0.41,0.25,0.34,1.18
26738,0.42,0.24,0.34,1.17
26673,0.42,0.25,0.34,1.17
26720,0.42,0.24,0.34,1.19
26582,0.42,0.24,0.34,1.18
21640,0.49,0.15,0.37,1.09
20664,0.4,0.28,0.32,1.13
20674,0.43,0.23,0.34,1.16
20447,0.42,0.25,0.33,1.17
21880,0.44,0.22,0.33,1.22
23246,0.43,0.23,0.35,1.24
24267,0.42,0.24,0.34,1.22
24697,0.42,0.24,0.34,1.19
25405,0.42,0.24,0.34,1.22
25528,0.42,0.24,0.34,1.19
25758,0.42,0.24,0.34,1.2
25948,0.41,0.25,0.34,1.21
26018,0.41,0.24,0.34,1.2
25875,0.41,0.24,0.34,1.2
25799,0.41,0.25,0.34,1.19
25656,0.41,0.25,0.34,1.18
25727,0.41,0.24,0.34,1.2
25662,0.42,0.25,0.34,1.21
25650,0.42,0.24,0.34,1.2
25526,0.42,0.25,0.34,1.19
25498,0.42,0.24,0.34,1.19
25676,0.42,0.24,0.34,1.18
25651,0.42,0.24,0.34,1.18
25607,0.41,0.24,0.34,1.18
25675,0.42,0.25,0.34,1.19
25598,0.42,0.24,0.34,1.19
21745,0.48,0.15,0.37,1.07
20662,0.41,0.28,0.31,1.11
20690,0.44,0.23,0.34,1.14
20387,0.42,0.25,0.33,1.15
21512,0.43,0.23,0.33,1.19
22605,0.43,0.23,0.34,1.21
23196,0.42,0.24,0.34,1.21
23789,0.42,0.24,0.34,1.21
24248,0.42,0.24,0.34,1.22
24547,0.41,0.25,0.34,1.21
24707,0.41,0.24,0.34,1.2
24898,0.41,0.25,0.34,1.19
24942,0.42,0.24,0.34,1.18
25065,0.41,0.25,0.34,1.18
24982,0.42,0.25,0.33,1.19
25024,0.42,0.24,0.34,1.18
25054,0.42,0.24,0.34,1.19
24922,0.42,0.25,0.34,1.18
24780,0.42,0.24,0.34,1.18
24813,0.42,0.24,0.34,1.2
24526,0.42,0.24,0.34,1.2
24458,0.42,0.25,0.34,1.2
24552,0.42,0.24,0.34,1.17
24585,0.42,0.24,0.34,1.18
24494,0.42,0.25,0.34,1.16
24644,0.42,0.24,0.34,1.18
21854,0.49,0.15,0.37,1.09
20895,0.41,0.27,0.32,1.15
21003,0.43,0.23,0.34,1.18
20980,0.42,0.25,0.34,1.16
22143,0.44,0.23,0.33,1.2
23253,0.43,0.23,0.34,1.23
24013,0.42,0.24,0.34,1.23
24203,0.42,0.24,0.34,1.22
24704,0.42,0.24,0.34,1.23
25110,0.41,0.24,0.34,1.22
25249,0.41,0.24,0.34,1.21
25630,0.42,0.24,0.34,1.21
25655,0.42,0.25,0.34,1.2
25643,0.41,0.25,0.34,1.19
25618,0.42,0.24,0.34,1.18
25773,0.42,0.24,0.34,1.19
25765,0.42,0.25,0.34,1.18
25828,0.42,0.24,0.34,1.16
25644,0.42,0.24,0.34,1.16
25658,0.42,0.24,0.34,1.18
25504,0.42,0.24,0.34,1.18
25559,0.42,0.24,0.34,1.18
25450,0.42,0.24,0.34,1.18
25323,0.42,0.24,0.34,1.19
25348,0.42,0.25,0.34,1.2
25363,0.42,0.24,0.34,1.2
21619,0.48,0.15,0.37,1.08
20405,0.4,0.28,0.32,1.11
20477,0.44,0.23,0.34,1.13
20326,0.42,0.25,0.33,1.14
21379,0.44,0.23,0.33,1.21
22376,0.43,0.23,0.34,1.24
23480,0.42,0.23,0.35,1.25
24088,0.41,0.24,0.35,1.24
24753,0.41,0.24,0.34,1.24
25221,0.41,0.24,0.34,1.21
25460,0.42,0.25,0.34,1.2
25594,0.42,0.24,0.34,1.18
25655,0.42,0.24,0.34,1.18
25600,0.42,0.24,0.34,1.18
25483,0.42,0.24,0.33,1.19
25419,0.42,0.24,0.34,1.19
25433,0.42,0.24,0.34,1.22
25332,0.41,0.24,0.34,1.19
25195,0.42,0.24,0.34,1.19
25173,0.42,0.24,0.34,1.19
25222,0.42,0.24,0.34,1.19
25255,0.42,0.24,0.34,1.19
25208,0.42,0.24,0.34,1.17
25090,0.41,0.25,0.34,1.17
25111,0.42,0.25,0.34,1.19
25152,0.42,0.24,0.34,1.19
21665,0.48,0.15,0.37,1.07
20524,0.41,0.28,0.31,1.11
20401,0.43,0.23,0.34,1.14
20068,0.42,0.25,0.33,1.15
21061,0.44,0.23,0.33,1.2
21971,0.43,0.23,0.34,1.23
23106,0.42,0.23,0.34,1.22
23544,0.42,0.24,0.34,1.21
24005,0.42,0.24,0.34,1.21
24262,0.41,0.24,0.34,1.19
24643,0.42,0.24,0.34,1.19
24653,0.42,0.25,0.34,1.17
24870,0.42,0.24,0.34,1.18
24822,0.42,0.24,0.34,1.2
25120,0.42,0.24,0.34,1.19
25083,0.42,0.25,0.34,1.19
24767,0.42,0.25,0.33,1.18
24928,0.42,0.24,0.34,1.2
24865,0.42,0.25,0.34,1.21
25055,0.41,0.24,0.34,1.2
25053,0.41,0.25,0.34,1.19
24953,0.42,0.24,0.34,1.17
25036,0.42,0.25,0.34,1.19
24864,0.42,0.25,0.34,1.17
24920,0.42,0.24,0.34,1.17
24836,0.42,0.25,0.33,1.2
21406,0.48,0.15,0.37,1.06
20165,0.41,0.28,0.31,1.09
20075,0.44,0.22,0.34,1.14
19806,0.42,0.25,0.33,1.17
21119,0.44,0.23,0.33,1.21
22050,0.43,0.23,0.34,1.21
22622,0.42,0.24,0.34,1.2
23114,0.42,0.24,0.34,1.22
23320,0.42,0.24,0.34,1.22
23786,0.42,0.24,0.34,1.19
23870,0.42,0.24,0.34,1.2
24030,0.42,0.24,0.34,1.21
24365,0.41,0.24,0.34,1.2
24373,0.41,0.25,0.34,1.18
24395,0.42,0.24,0.34,1.17
24213,0.42,0.24,0.34,1.16
24170,0.42,0.25,0.34,1.17
24013,0.42,0.24,0.34,1.16
24118,0.42,0.24,0.34,1.18
24108,0.42,0.25,0.34,1.18
23927,0.42,0.25,0.34,1.17
23976,0.42,0.24,0.34,1.17
23874,0.42,0.24,0.34,1.19
23627,0.42,0.24,0.34,1.19
23840,0.42,0.24,0.34,1.19
23808,0.42,0.25,0.34,1.19
21671,0.48,0.15,0.37,1.09
20721,0.4,0.28,0.32,1.13
20765,0.43,0.23,0.34,1.16
20411,0.42,0.25,0.33,1.17
21664,0.44,0.22,0.34,1.21
23059,0.43,0.23,0.34,1.24
23996,0.42,0.24,0.34,1.24
25040,0.42,0.24,0.34,1.22
25627,0.42,0.24,0.34,1.21
26260,0.42,0.24,0.34,1.2
26667,0.42,0.24,0.34,1.18
26952,0.41,0.25,0.34,1.19
27098,0.42,0.24,0.34,1.2
27278,0.41,0.25,0.34,1.2
27363,0.42,0.24,0.34,1.2
27381,0.42,0.25,0.34,1.17
27401,0.42,0.24,0.34,1.17
27221,0.42,0.24,0.34,1.18
27248,0.42,0.24,0.34,1.18
27097,0.42,0.25,0.34,1.17
27228,0.42,0.24,0.34,1.18
27342,0.42,0.24,0.34,1.19
27388,0.42,0.24,0.34,1.2
27473,0.42,0.24,0.34,1.19
27598,0.42,0.24,0.34,1.18
27478,0.42,0.25,0.34,1.18
21567,0.49,0.15,0.36,1.06
20691,0.41,0.27,0.32,1.12
20590,0.43,0.23,0.34,1.15
20379,0.42,0.25,0.33,1.17
21796,0.44,0.23,0.33,1.21
22873,0.43,0.23,0.34,1.22
23735,0.42,0.24,0.34,1.23
24482,0.42,0.24,0.34,1.23
25040,0.41,0.24,0.34,1.22
25371,0.41,0.25,0.34,1.2
25448,0.41,0.25,0.34,1.21
25635,0.42,0.24,0.34,1.21
25870,0.41,0.25,0.34,1.21
26193,0.42,0.24,0.34,1.22
26008,0.41,0.25,0.34,1.19
26200,0.42,0.24,0.34,1.19
26142,0.42,0.25,0.34,1.17
26267,0.42,0.24,0.34,1.16
26188,0.42,0.24,0.34,1.16
26213,0.42,0.24,0.33,1.18
26117,0.42,0.24,0.34,1.17
26003,0.42,0.25,0.34,1.17
26179,0.42,0.24,0.34,1.18
26321,0.42,0.24,0.34,1.19
26138,0.42,0.25,0.33,1.17
26061,0.42,0.24,0.34,1.18
21700,0.48,0.15,0.37,1.1
20768,0.4,0.28,0.32,1.15
20723,0.43,0.23,0.34,1.18
20411,0.42,0.25,0.33,1.19
21617,0.44,0.22,0.34,1.22
22732,0.42,0.23,0.35,1.24
23734,0.42,0.24,0.34,1.24
24015,0.42,0.24,0.34,1.23
24639,0.42,0.24,0.35,1.22
25029,0.41,0.25,0.34,1.19
25142,0.41,0.24,0.34,1.2
25135,0.41,0.25,0.34,1.18
25257,0.42,0.24,0.34,1.18
25252,0.42,0.24,0.34,1.18
25144,0.42,0.25,0.34,1.19
25325,0.42,0.24,0.34,1.2
25443,0.41,0.24,0.34,1.18
25312,0.42,0.25,0.34,1.18
25171,0.42,0.24,0.34,1.18
25113,0.42,0.24,0.34,1.17
25181,0.42,0.24,0.34,1.16
25108,0.42,0.25,0.34,1.18
25100,0.42,0.24,0.34,1.18
25066,0.42,0.24,0.34,1.17
25037,0.42,0.25,0.34,1.18
24915,0.42,0.25,0.34,1.18
21648,0.48,0.15,0.37,1.07
20674,0.41,0.28,0.32,1.11
20598,0.43,0.23,0.34,1.15
20556,0.42,0.24,0.34,1.18
21947,0.44,0.23,0.33,1.22
23467,0.43,0.22,0.35,1.25
24013,0.41,0.25,0.34,1.23
24585,0.42,0.24,0.34,1.22
25056,0.42,0.24,0.34,1.21
25526,0.42,0.24,0.34,1.22
25736,0.42,0.24,0.34,1.2
25797,0.42,0.25,0.33,1.21
25921,0.42,0.24,0.34,1.19
26012,0.42,0.24,0.34,1.2
26002,0.41,0.25,0.34,1.17
25694,0.42,0.25,0.33,1.17
25493,0.42,0.24,0.34,1.19
25396,0.42,0.24,0.34,1.2
25449,0.42,0.25,0.34,1.17
25558,0.42,0.24,0.34,1.16
25214,0.42,0.25,0.33,1.17
25202,0.42,0.24,0.34,1.2
25117,0.42,0.24,0.34,1.19
25236,0.41,0.24,0.34,1.18
25182,0.41,0.25,0.34,1.19
25178,0.42,0.24,0.34,1.19
21620,0.48,0.15,0.37,1.09
20625,0.41,0.28,0.31,1.11
20658,0.43,0.23,0.34,1.15
20513,0.42,0.25,0.34,1.19
21588,0.44,0.23,0.33,1.21
22998,0.43,0.22,0.34,1.24
23804,0.42,0.24,0.34,1.25
24474,0.42,0.24,0.34,1.25
25085,0.42,0.24,0.34,1.22
25323,0.41,0.24,0.34,1.21
25402,0.41,0.25,0.34,1.21
25667,0.41,0.24,0.34,1.21
25962,0.41,0.25,0.34,1.21
25913,0.42,0.25,0.34,1.22
25972,0.42,0.24,0.34,1.22
26205,0.41,0.25,0.34,1.21
26087,0.42,0.24,0.34,1.2
25982,0.42,0.25,0.34,1.18
26057,0.42,0.24,0.34,1.17
26147,0.42,0.24,0.34,1.18
25844,0.42,0.24,0.33,1.18
25905,0.42,0.24,0.34,1.2
25826,0.41,0.25,0.34,1.18
26012,0.42,0.24,0.34,1.21
26142,0.42,0.24,0.34,1.21
26027,0.42,0.25,0.34,1.21
21932,0.48,0.14,0.37,1.08
21061,0.4,0.28,0.32,1.11
21050,0.43,0.23,0.33,1.11
20855,0.43,0.24,0.33,1.13
22039,0.44,0.23,0.33,1.21
23525,0.43,0.23,0.34,1.23
24329,0.42,0.24,0.34,1.24
25137,0.42,0.24,0.34,1.24
25718,0.41,0.24,0.35,1.22
26104,0.42,0.24,0.34,1.21
26593,0.42,0.24,0.34,1.2
26685,0.41,0.25,0.34,1.21
26695,0.42,0.24,0.34,1.19
26794,0.42,0.24,0.34,1.18
26780,0.42,0.24,0.34,1.17
26687,0.42,0.25,0.34,1.17
26524,0.42,0.24,0.34,1.17
26355,0.42,0.25,0.34,1.18
26328,0.42,0.24,0.34,1.19
26440,0.42,0.24,0.34,1.18
26653,0.42,0.24,0.34,1.18
26618,0.42,0.25,0.33,1.17
26752,0.42,0.24,0.34,1.19
27016,0.42,0.24,0.34,1.17
26904,0.42,0.25,0.34,1.17
26796,0.42,0.24,0.34,1.15
21460,0.48,0.15,0.37,1.08
20497,0.41,0.28,0.32,1.12
20556,0.43,0.23,0.34,1.15
20179,0.42,0.25,0.33,1.16
21587,0.44,0.23,0.34,1.19
22909,0.43,0.23,0.34,1.22
23692,0.42,0.24,0.34,1.21
24195,0.42,0.24,0.34,1.23
24388,0.42,0.24,0.34,1.22
24758,0.42,0.24,0.34,1.22
25097,0.41,0.24,0.34,1.21
25003,0.42,0.24,0.34,1.2
25285,0.42,0.24,0.34,1.19
25252,0.41,0.25,0.34,1.18
25126,0.42,0.24,0.34,1.16
25179,0.42,0.24,0.34,1.18
25346,0.42,0.24,0.34,1.17
25383,0.42,0.24,0.34,1.17
25184,0.42,0.25,0.33,1.17
25373,0.42,0.24,0.34,1.17
25517,0.42,0.25,0.34,1.16
25345,0.42,0.24,0.33,1.15
25120,0.42,0.24,0.34,1.14
24954,0.42,0.24,0.33,1.14
24868,0.42,0.24,0.34,1.15
24742,0.42,0.25,0.33,1.16
21755,0.48,0.15,0.37,1.08
20739,0.41,0.28,0.31,1.13
20851,0.43,0.23,0.34,1.15
20477,0.42,0.25,0.33,1.17
21811,0.44,0.22,0.34,1.21
23064,0.43,0.23,0.34,1.22
23782,0.42,0.24,0.34,1.22
24661,0.42,0.24,0.34,1.2
25098,0.41,0.24,0.34,1.22
25312,0.41,0.25,0.34,1.21
25535,0.42,0.24,0.34,1.2
25912,0.42,0.24,0.34,1.21
26128,0.41,0.25,0.34,1.21
26432,0.41,0.25,0.34,1.2
26519,0.42,0.25,0.34,1.19
26704,0.42,0.24,0.34,1.2
26739,0.41,0.24,0.34,1.18
26681,0.42,0.25,0.34,1.19
26633,0.42,0.25,0.34,1.18
26788,0.41,0.25,0.34,1.18
26847,0.42,0.24,0.34,1.19
26948,0.41,0.24,0.34,1.18
26898,0.42,0.25,0.34,1.18
26875,0.42,0.24,0.34,1.19
26868,0.42,0.24,0.34,1.19
26791,0.41,0.25,0.33,1.18
21846,0.48,0.15,0.38,1.09
20974,0.4,0.28,0.32,1.13
21059,0.43,0.23,0.34,1.14
20671,0.42,0.25,0.33,1.14
21923,0.44,0.23,0.33,1.2
23379,0.44,0.22,0.35,1.25
24342,0.42,0.24,0.35,1.24
25090,0.41,0.24,0.34,1.22
25482,0.42,0.24,0.34,1.22
26023,0.42,0.24,0.34,1.2
26349,0.41,0.25,0.34,1.18
26520,0.42,0.25,0.34,1.18
26527,0.42,0.24,0.34,1.19
26580,0.42,0.24,0.34,1.18
26547,0.42,0.25,0.33,1.18
26379,0.42,0.24,0.34,1.18
26445,0.42,0.24,0.34,1.18
26434,0.42,0.25,0.34,1.18
26321,0.42,0.24,0.34,1.18
26352,0.42,0.24,0.34,1.18
26112,0.42,0.24,0.34,1.19
26312,0.41,0.24,0.34,1.18
26280,0.41,0.25,0.34,1.17
26202,0.42,0.24,0.34,1.19
26101,0.42,0.25,0.33,1.19
26169,0.42,0.24,0.34,1.17
21589,0.48,0.15,0.37,1.06
20499,0.41,0.28,0.31,1.1
20430,0.44,0.22,0.34,1.15
20199,0.42,0.25,0.33,1.15
21514,0.44,0.22,0.33,1.2
22561,0.43,0.23,0.34,1.23
23660,0.42,0.24,0.34,1.21
24360,0.42,0.24,0.34,1.21
24474,0.42,0.25,0.34,1.19
24845,0.42,0.24,0.34,1.18
24830,0.42,0.25,0.33,1.17
24628,0.42,0.24,0.34,1.18
24549,0.42,0.24,0.34,1.18
24434,0.42,0.25,0.34,1.17
24584,0.42,0.24,0.34,1.19
24539,0.42,0.24,0.34,1.19
24504,0.42,0.24,0.34,1.19
24394,0.42,0.25,0.34,1.17
24537,0.42,0.24,0.34,1.18
24488,0.41,0.25,0.34,1.16
24219,0.42,0.25,0.34,1.18
24091,0.42,0.24,0.34,1.19
23914,0.42,0.25,0.33,1.2
24092,0.42,0.24,0.34,1.22
24044,0.42,0.24,0.34,1.23
24096,0.41,0.24,0.34,1.22
21864,0.48,0.15,0.37,1.08
20762,0.41,0.28,0.32,1.13
20708,0.43,0.23,0.34,1.16
20616,0.42,0.25,0.33,1.17
21342,0.44,0.23,0.33,1.17
22355,0.43,0.23,0.34,1.2
23129,0.42,0.24,0.34,1.22
23602,0.42,0.24,0.34,1.21
24017,0.42,0.24,0.34,1.21
23880,0.42,0.24,0.34,1.2
23896,0.42,0.24,0.34,1.19
23979,0.42,0.24,0.34,1.17
24336,0.41,0.25,0.34,1.16
24229,0.42,0.25,0.33,1.17
24030,0.42,0.24,0.34,1.18
24221,0.42,0.24,0.34,1.19
24161,0.42,0.24,0.34,1.18
24270,0.42,0.25,0.34,1.2
24271,0.42,0.24,0.34,1.21
24353,0.42,0.24,0.34,1.2
24341,0.42,0.24,0.34,1.19
24324,0.42,0.24,0.34,1.19
24391,0.42,0.25,0.34,1.19
24445,0.42,0.24,0.34,1.19
24424,0.42,0.24,0.34,1.19
24311,0.41,0.25,0.34,1.18
21547,0.49,0.15,0.37,1.1
20563,0.41,0.28,0.31,1.15
20569,0.43,0.23,0.34,1.16
20590,0.42,0.25,0.34,1.15
21888,0.43,0.23,0.34,1.21
22927,0.43,0.23,0.34,1.24
23837,0.42,0.23,0.34,1.24
24664,0.41,0.24,0.35,1.22
25378,0.41,0.24,0.35,1.24
25691,0.42,0.24,0.34,1.23
26162,0.41,0.24,0.34,1.24
26375,0.41,0.25,0.34,1.21
26337,0.42,0.25,0.34,1.2
26433,0.41,0.24,0.34,1.18
26381,0.41,0.25,0.34,1.18
26226,0.42,0.24,0.34,1.17
26092,0.42,0.25,0.34,1.17
26066,0.42,0.24,0.34,1.17
25966,0.42,0.24,0.34,1.17
25840,0.42,0.25,0.33,1.15
25810,0.42,0.24,0.34,1.17
25450,0.42,0.24,0.34,1.16
25458,0.42,0.24,0.34,1.18
25708,0.42,0.24,0.34,1.18
25672,0.42,0.24,0.34,1.17
25613,0.42,0.24,0.34,1.16
21935,0.48,0.15,0.37,1.09
20857,0.4,0.28,0.31,1.11
20759,0.44,0.23,0.34,1.13
20365,0.42,0.25,0.33,1.16
21522,0.44,0.23,0.34,1.18
22363,0.43,0.23,0.34,1.21
23395,0.42,0.23,0.34,1.22
24165,0.42,0.24,0.34,1.22
24816,0.41,0.24,0.35,1.23
25106,0.41,0.25,0.34,1.23
25522,0.41,0.24,0.34,1.21
25692,0.42,0.24,0.34,1.21
25683,0.42,0.24,0.34,1.2
25824,0.41,0.25,0.34,1.19
25986,0.41,0.24,0.34,1.18
25583,0.41,0.25,0.33,1.18
25688,0.42,0.24,0.34,1.18
25510,0.42,0.25,0.33,1.18
25263,0.42,0.24,0.34,1.17
25176,0.42,0.24,0.34,1.17
25079,0.42,0.25,0.33,1.17
25006,0.42,0.24,0.34,1.18
25243,0.41,0.25,0.34,1.18
25296,0.42,0.25,0.34,1.18
25381,0.42,0.24,0.34,1.17
25366,0.42,0.25,0.33,1.17
21711,0.48,0.15,0.37,1.07
20856,0.41,0.28,0.32,1.11
20641,0.43,0.23,0.34,1.14
20286,0.42,0.25,0.33,1.14
21669,0.44,0.22,0.33,1.23
23094,0.43,0.22,0.34,1.25
24269,0.42,0.24,0.35,1.25
25124,0.42,0.24,0.34,1.25
25967,0.41,0.24,0.35,1.26
26273,0.41,0.25,0.34,1.22
26876,0.41,0.24,0.35,1.21
27126,0.41,0.25,0.34,1.19
27271,0.42,0.24,0.34,1.17
27251,0.42,0.24,0.34,1.17
27317,0.42,0.24,0.34,1.19
27214,0.42,0.24,0.34,1.2
27245,0.41,0.25,0.34,1.19
27149,0.42,0.24,0.34,1.19
27215,0.42,0.24,0.34,1.17
27376,0.42,0.25,0.34,1.2
27796,0.42,0.24,0.34,1.21
27923,0.41,0.24,0.34,1.2
28056,0.41,0.25,0.33,1.19
28136,0.42,0.24,0.34,1.17
28103,0.42,0.24,0.34,1.18
27879,0.42,0.24,0.34,1.2
21682,0.48,0.15,0.37,1.1
20555,0.41,0.28,0.31,1.14
20469,0.43,0.23,0.34,1.17
20329,0.42,0.25,0.34,1.19
21602,0.44,0.23,0.34,1.2
22740,0.43,0.23,0.34,1.23
23595,0.42,0.24,0.34,1.23
24081,0.42,0.24,0.34,1.24
24747,0.42,0.24,0.34,1.22
25192,0.41,0.24,0.34,1.18
25202,0.42,0.25,0.34,1.18
25498,0.42,0.24,0.34,1.18
25526,0.42,0.25,0.34,1.18
25465,0.42,0.24,0.33,1.16
25102,0.42,0.24,0.33,1.16
25016,0.42,0.24,0.34,1.16
24758,0.42,0.24,0.34,1.17
24782,0.42,0.24,0.34,1.18
24657,0.42,0.25,0.34,1.2
24686,0.42,0.24,0.34,1.19
24507,0.42,0.25,0.33,1.2
24509,0.42,0.24,0.34,1.21
24404,0.41,0.25,0.34,1.19
24713,0.42,0.24,0.34,1.2
24813,0.41,0.24,0.34,1.2
25172,0.42,0.24,0.34,1.19
21591,0.48,0.16,0.36,1.07
20485,0.41,0.28,0.32,1.09
20414,0.44,0.23,0.34,1.14
20108,0.42,0.25,0.33,1.16
21250,0.44,0.23,0.34,1.23
22631,0.43,0.22,0.34,1.25
23671,0.42,0.24,0.35,1.26
24494,0.42,0.24,0.34,1.23
25189,0.42,0.24,0.34,1.21
25434,0.41,0.25,0.34,1.21
25908,0.42,0.24,0.34,1.2
26140,0.42,0.24,0.34,1.2
26310,0.42,0.24,0.34,1.18
26260,0.42,0.24,0.34,1.21
26175,0.42,0.24,0.34,1.21
26183,0.41,0.25,0.34,1.19
26376,0.42,0.24,0.34,1.19
26236,0.42,0.25,0.34,1.18
26329,0.42,0.24,0.34,1.18
26245,0.42,0.24,0.34,1.18
26240,0.42,0.24,0.34,1.19
26394,0.42,0.24,0.34,1.19
26257,0.42,0.25,0.34,1.19
26295,0.42,0.24,0.34,1.2
26411,0.42,0.24,0.34,1.21
26478,0.41,0.25,0.34,1.19
21598,0.48,0.15,0.36,1.06
20525,0.41,0.28,0.32,1.11
20378,0.44,0.23,0.33,1.13
20034,0.42,0.25,0.33,1.17
21199,0.44,0.23,0.34,1.18
22201,0.43,0.23,0.34,1.21
23148,0.43,0.24,0.34,1.23
23848,0.41,0.24,0.35,1.23
24244,0.41,0.25,0.34,1.22
24833,0.41,0.24,0.34,1.19
25073,0.42,0.24,0.34,1.2
25064,0.42,0.25,0.34,1.2
25155,0.42,0.24,0.33,1.18
25176,0.42,0.24,0.34,1.18
25141,0.41,0.25,0.34,1.17
25196,0.42,0.25,0.34,1.18
25264,0.42,0.24,0.34,1.18
25095,0.42,0.24,0.34,1.16
24890,0.42,0.24,0.34,1.16
24663,0.42,0.24,0.34,1.17
24650,0.41,0.24,0.34,1.17
24485,0.42,0.25,0.34,1.16
24181,0.42,0.25,0.33,1.17
24338,0.42,0.24,0.34,1.2
24249,0.41,0.25,0.34,1.18
24213,0.42,0.25,0.34,1.17
21430,0.49,0.15,0.36,1.08
20353,0.41,0.27,0.31,1.11
20215,0.43,0.23,0.34,1.15
20266,0.42,0.25,0.34,1.18
21399,0.44,0.23,0.33,1.22
22776,0.43,0.23,0.35,1.25
23890,0.42,0.24,0.35,1.25
24615,0.42,0.24,0.34,1.25
24995,0.41,0.24,0.35,1.26
25551,0.41,0.25,0.34,1.24
25827,0.42,0.25,0.34,1.22
26209,0.41,0.24,0.34,1.21
26306,0.41,0.25,0.34,1.2
26493,0.41,0.25,0.34,1.18
26509,0.41,0.25,0.34,1.17
26207,0.42,0.25,0.33,1.15
25988,0.42,0.24,0.34,1.16
25847,0.42,0.24,0.34,1.16
25648,0.42,0.24,0.34,1.18
25599,0.42,0.24,0.34,1.19
25627,0.42,0.25,0.34,1.17
25454,0.42,0.24,0.34,1.19
25609,0.42,0.24,0.34,1.2
25441,0.42,0.24,0.34,1.18
25472,0.42,0.25,0.34,1.17
25303,0.42,0.25,0.33,1.16
21531,0.49,0.15,0.36,1.07
20285,0.41,0.27,0.32,1.13
20321,0.43,0.23,0.34,1.17
20007,0.42,0.25,0.33,1.19
21308,0.44,0.23,0.33,1.22
22298,0.43,0.23,0.34,1.23
23175,0.42,0.23,0.35,1.23
23837,0.41,0.24,0.34,1.23
24315,0.41,0.24,0.35,1.24
24822,0.41,0.24,0.34,1.23
25226,0.41,0.25,0.34,1.2
25577,0.41,0.24,0.34,1.18
25247,0.42,0.25,0.33,1.18
25479,0.42,0.24,0.34,1.18
25384,0.42,0.25,0.33,1.17
25293,0.42,0.24,0.34,1.17
25071,0.42,0.24,0.34,1.18
25033,0.42,0.24,0.34,1.19
25043,0.42,0.25,0.34,1.18
25092,0.42,0.24,0.34,1.19
25271,0.42,0.24,0.34,1.2
25159,0.41,0.25,0.34,1.21
25254,0.42,0.24,0.34,1.19
25439,0.41,0.24,0.34,1.19
25470,0.41,0.24,0.34,1.17
25473,0.41,0.24,0.34,1.18
21785,0.48,0.15,0.37,1.1
20657,0.4,0.28,0.32,1.15
20580,0.43,0.23,0.34,1.18
20419,0.41,0.25,0.34,1.17
21578,0.43,0.23,0.33,1.21
22825,0.43,0.23,0.34,1.23
23783,0.42,0.24,0.34,1.24
24202,0.42,0.24,0.34,1.22
24930,0.42,0.24,0.34,1.22
25487,0.41,0.24,0.34,1.19
25657,0.42,0.25,0.34,1.2
25838,0.42,0.24,0.34,1.18
25918,0.42,0.24,0.34,1.17
26084,0.41,0.25,0.34,1.18
26019,0.42,0.24,0.34,1.18
25914,0.42,0.24,0.33,1.16
25774,0.42,0.24,0.34,1.16
25757,0.42,0.24,0.33,1.18
25829,0.42,0.24,0.34,1.19
26047,0.41,0.24,0.34,1.21
25998,0.42,0.24,0.34,1.18
26167,0.42,0.25,0.34,1.18
26006,0.42,0.24,0.34,1.16
25913,0.42,0.25,0.34,1.16
25898,0.42,0.24,0.34,1.17
25840,0.42,0.24,0.34,1.19
21728,0.48,0.15,0.37,1.1
20834,0.41,0.28,0.31,1.11
20886,0.43,0.23,0.34,1.13
20645,0.42,0.25,0.33,1.15
21814,0.44,0.22,0.34,1.23
23057,0.43,0.23,0.34,1.25
24004,0.42,0.24,0.34,1.25
24555,0.41,0.24,0.34,1.24
25121,0.41,0.24,0.34,1.23
25457,0.41,0.25,0.34,1.22
25611,0.42,0.25,0.34,1.2
25657,0.42,0.24,0.34,1.18
25683,0.41,0.25,0.34,1.2
25731,0.42,0.25,0.34,1.19
25820,0.42,0.24,0.34,1.18
25778,0.42,0.24,0.34,1.18
25736,0.42,0.24,0.34,1.16
25492,0.42,0.24,0.34,1.16
25351,0.42,0.25,0.34,1.17
25310,0.42,0.24,0.34,1.17
25185,0.42,0.25,0.34,1.16
25123,0.42,0.24,0.34,1.16
24891,0.42,0.25,0.33,1.17
24706,0.42,0.24,0.34,1.17
24640,0.42,0.24,0.34,1.19
24662,0.42,0.24,0.34,1.19
21543,0.49,0.15,0.37,1.08
20720,0.41,0.27,0.32,1.12
20755,0.43,0.23,0.34,1.13
20636,0.42,0.25,0.33,1.15
21823,0.44,0.23,0.34,1.21
22834,0.43,0.23,0.34,1.24
23771,0.42,0.24,0.34,1.27
24436,0.42,0.24,0.34,1.24
25031,0.41,0.24,0.34,1.25
25322,0.41,0.24,0.34,1.22
25804,0.41,0.24,0.34,1.22
26040,0.42,0.24,0.34,1.2
26112,0.42,0.24,0.34,1.18
26242,0.42,0.24,0.34,1.18
26376,0.41,0.25,0.34,1.17
26308,0.42,0.24,0.34,1.21
26337,0.42,0.25,0.34,1.19
26378,0.42,0.24,0.34,1.18
26445,0.41,0.25,0.34,1.16
26297,0.42,0.24,0.34,1.17
26222,0.42,0.24,0.34,1.17
26009,0.42,0.25,0.33,1.16
25764,0.42,0.24,0.34,1.15
25734,0.42,0.25,0.34,1.18
25645,0.42,0.24,0.34,1.19
25700,0.42,0.24,0.34,1.17
21543,0.49,0.15,0.37,1.08
20375,0.41,0.28,0.31,1.12
20327,0.44,0.23,0.34,1.15
20146,0.42,0.24,0.34,1.16
21422,0.44,0.23,0.33,1.21
22639,0.43,0.22,0.35,1.25
23390,0.42,0.24,0.34,1.22
24108,0.42,0.24,0.35,1.24
24180,0.42,0.25,0.34,1.22
24665,0.42,0.24,0.34,1.22
25020,0.41,0.25,0.34,1.21
25366,0.41,0.24,0.34,1.18
25409,0.41,0.25,0.34,1.18
25372,0.42,0.25,0.34,1.18
25315,0.42,0.24,0.34,1.17
25435,0.42,0.24,0.34,1.17
25433,0.42,0.24,0.34,1.18
25282,0.42,0.25,0.33,1.16
25380,0.42,0.24,0.35,1.18
25212,0.41,0.25,0.34,1.18
25342,0.42,0.24,0.34,1.18
25171,0.42,0.25,0.33,1.2
25130,0.42,0.24,0.34,1.2
25252,0.42,0.24,0.34,1.19
25110,0.41,0.25,0.34,1.18
25103,0.42,0.24,0.34,1.18
21691,0.48,0.15,0.37,1.07
20643,0.4,0.28,0.32,1.1
20533,0.43,0.23,0.34,1.12
20262,0.42,0.25,0.33,1.13
21337,0.44,0.23,0.33,1.19
22218,0.43,0.23,0.34,1.2
22973,0.42,0.24,0.34,1.21
23669,0.42,0.24,0.34,1.22
24143,0.41,0.24,0.35,1.21
24140,0.41,0.25,0.34,1.2
24337,0.41,0.24,0.34,1.2
24377,0.41,0.25,0.34,1.2
24356,0.42,0.24,0.34,1.17
24085,0.42,0.24,0.34,1.17
24082,0.42,0.25,0.34,1.2
23988,0.42,0.24,0.34,1.19
24115,0.42,0.25,0.34,1.17
24302,0.42,0.24,0.34,1.16
24210,0.42,0.25,0.34,1.16
23951,0.42,0.24,0.34,1.18
23865,0.42,0.25,0.33,1.17
23722,0.42,0.24,0.34,1.18
23730,0.42,0.24,0.34,1.18
23531,0.42,0.25,0.33,1.17
23823,0.42,0.24,0.34,1.16
23729,0.42,0.25,0.33,1.16
21785,0.48,0.15,0.37,1.07
20852,0.4,0.28,0.32,1.11
20712,0.43,0.23,0.34,1.15
20573,0.42,0.24,0.34,1.17
22023,0.44,0.23,0.34,1.22
22944,0.43,0.23,0.34,1.24
23550,0.42,0.24,0.34,1.22
24304,0.42,0.24,0.34,1.24
24813,0.41,0.24,0.34,1.22
25411,0.41,0.24,0.35,1.21
25631,0.41,0.25,0.34,1.22
25765,0.41,0.25,0.34,1.22
26002,0.42,0.24,0.34,1.22
26195,0.41,0.24,0.34,1.22
26312,0.42,0.25,0.34,1.2
26480,0.42,0.24,0.34,1.18
26513,0.41,0.25,0.34,1.18
26818,0.42,0.24,0.34,1.17
26771,0.41,0.25,0.34,1.16
26647,0.42,0.24,0.34,1.16
26452,0.42,0.25,0.33,1.14
26455,0.42,0.24,0.34,1.15
26035,0.42,0.25,0.33,1.15
26059,0.42,0.24,0.34,1.19
25971,0.42,0.24,0.34,1.18
25961,0.42,0.24,0.34,1.18
21829,0.48,0.15,0.37,1.11
20609,0.4,0.28,0.31,1.12
20557,0.43,0.23,0.34,1.12
20157,0.42,0.24,0.33,1.14
21406,0.44,0.23,0.34,1.18
22609,0.43,0.23,0.34,1.22
23540,0.42,0.24,0.34,1.21
24084,0.42,0.24,0.34,1.21
24412,0.42,0.25,0.34,1.19
24783,0.42,0.24,0.34,1.19
25035,0.42,0.24,0.34,1.19
25296,0.42,0.24,0.34,1.19
25298,0.42,0.24,0.34,1.17
25150,0.42,0.25,0.33,1.18
25120,0.42,0.24,0.34,1.18
24991,0.42,0.24,0.34,1.17
24958,0.42,0.24,0.34,1.16
24892,0.42,0.25,0.34,1.15
24791,0.42,0.24,0.34,1.14
24547,0.42,0.25,0.33,1.16
24535,0.42,0.24,0.34,1.17
24471,0.42,0.24,0.34,1.17
24607,0.42,0.24,0.34,1.18
24560,0.42,0.25,0.34,1.18
24348,0.42,0.25,0.34,1.18
24014,0.42,0.24,0.34,1.19
21689,0.48,0.15,0.37,1.09
20699,0.4,0.28,0.32,1.13
20765,0.43,0.23,0.34,1.11
20385,0.42,0.25,0.33,1.12
21355,0.44,0.23,0.33,1.17
22262,0.43,0.23,0.34,1.2
23335,0.43,0.23,0.34,1.24
23957,0.42,0.24,0.34,1.23
24444,0.42,0.24,0.34,1.22
24616,0.42,0.24,0.34,1.23
24985,0.41,0.25,0.34,1.23
25276,0.41,0.25,0.34,1.2
25419,0.41,0.25,0.34,1.2
25582,0.41,0.24,0.34,1.21
25775,0.42,0.25,0.34,1.18
25835,0.42,0.24,0.34,1.16
25794,0.42,0.25,0.34,1.17
25772,0.42,0.24,0.34,1.16
25629,0.42,0.24,0.34,1.19
25885,0.42,0.24,0.34,1.2
26011,0.41,0.25,0.34,1.21
26125,0.41,0.25,0.34,1.18
26269,0.42,0.24,0.34,1.19
26109,0.42,0.25,0.33,1.2
26100,0.42,0.24,0.34,1.2
26101,0.42,0.25,0.34,1.19
21678,0.48,0.15,0.37,1.07
20628,0.4,0.28,0.31,1.1
20443,0.44,0.23,0.34,1.14
20038,0.42,0.24,0.33,1.17
21119,0.44,0.23,0.34,1.22
22298,0.43,0.23,0.34,1.25
23492,0.42,0.23,0.35,1.23
23948,0.41,0.25,0.34,1.21
24362,0.42,0.24,0.34,1.2
24627,0.42,0.25,0.34,1.22
24884,0.42,0.24,0.34,1.2
24942,0.42,0.24,0.34,1.19
24927,0.42,0.25,0.34,1.19
25102,0.42,0.24,0.34,1.19
25392,0.42,0.25,0.34,1.18
25442,0.42,0.25,0.34,1.19
25676,0.42,0.24,0.34,1.18
25524,0.41,0.25,0.34,1.18
25525,0.42,0.24,0.34,1.19
25472,0.42,0.25,0.33,1.17
25435,0.42,0.24,0.34,1.17
25213,0.42,0.24,0.33,1.16
25463,0.42,0.24,0.34,1.17
25444,0.41,0.25,0.34,1.19
25405,0.42,0.25,0.34,1.2
25265,0.42,0.24,0.34,1.18
21634,0.48,0.15,0.37,1.07
20683,0.4,0.28,0.32,1.12
20801,0.43,0.23,0.34,1.15
20618,0.42,0.25,0.33,1.15
21524,0.44,0.23,0.33,1.19
23036,0.43,0.22,0.34,1.21
23696,0.42,0.24,0.34,1.21
24074,0.42,0.24,0.34,1.22
24455,0.42,0.24,0.34,1.21
24730,0.42,0.24,0.34,1.2
24969,0.42,0.25,0.34,1.2
25033,0.42,0.24,0.34,1.2
25019,0.42,0.24,0.34,1.18
25081,0.42,0.24,0.34,1.18
24997,0.42,0.25,0.33,1.18
24784,0.42,0.24,0.34,1.16
24488,0.42,0.24,0.34,1.19
24365,0.42,0.24,0.34,1.19
24327,0.42,0.24,0.34,1.16
24210,0.42,0.25,0.34,1.18
24047,0.42,0.24,0.34,1.19
24232,0.41,0.24,0.34,1.19
24230,0.41,0.25,0.34,1.17
24209,0.42,0.25,0.34,1.17
24262,0.42,0.24,0.34,1.17
24317,0.42,0.24,0.34,1.18
21634,0.48,0.15,0.37,1.07
20531,0.41,0.28,0.31,1.1
20543,0.43,0.23,0.34,1.12
20105,0.42,0.25,0.33,1.16
21408,0.44,0.22,0.33,1.2
22568,0.43,0.23,0.34,1.22
23581,0.42,0.24,0.34,1.24
24354,0.42,0.24,0.34,1.24
24782,0.41,0.24,0.34,1.21
25045,0.41,0.25,0.34,1.22
25331,0.41,0.24,0.34,1.2
25450,0.42,0.25,0.34,1.19
25677,0.42,0.24,0.34,1.2
25783,0.41,0.25,0.34,1.19
25948,0.42,0.24,0.34,1.21
25913,0.42,0.25,0.34,1.19
26116,0.42,0.24,0.34,1.18
26368,0.42,0.25,0.34,1.17
26393,0.42,0.25,0.34,1.16
26296,0.42,0.24,0.34,1.15
25936,0.42,0.24,0.34,1.16
25882,0.42,0.24,0.34,1.16
25751,0.42,0.24,0.34,1.2
25629,0.42,0.24,0.34,1.19
25520,0.41,0.25,0.34,1.19
25576,0.41,0.25,0.34,1.19
21710,0.48,0.15,0.37,1.11
20950,0.4,0.28,0.32,1.14
20896,0.43,0.23,0.34,1.15
20474,0.42,0.25,0.33,1.16
21796,0.44,0.22,0.34,1.19
22793,0.43,0.23,0.34,1.23
23336,0.42,0.24,0.34,1.23
23826,0.42,0.24,0.34,1.23
24489,0.42,0.24,0.34,1.23
25001,0.42,0.24,0.34,1.22
25275,0.42,0.24,0.34,1.2
25406,0.41,0.25,0.34,1.18
25399,0.42,0.24,0.34,1.18
25131,0.42,0.25,0.34,1.19
25189,0.42,0.24,0.34,1.17
25324,0.41,0.25,0.34,1.19
25472,0.41,0.25,0.34,1.19
25215,0.42,0.25,0.33,1.19
25220,0.42,0.24,0.34,1.2
25222,0.41,0.25,0.34,1.19
25072,0.41,0.25,0.34,1.17
25303,0.42,0.24,0.34,1.17
25125,0.42,0.25,0.34,1.18
25125,0.42,0.24,0.34,1.18
25026,0.42,0.25,0.34,1.17
25083,0.42,0.24,0.34,1.18
21764,0.49,0.14,0.37,1.1
20694,0.4,0.28,0.32,1.12
20527,0.44,0.23,0.34,1.13
20439,0.42,0.24,0.34,1.16
21326,0.44,0.24,0.33,1.19
22032,0.43,0.23,0.34,1.22
22801,0.42,0.24,0.34,1.23
23663,0.42,0.24,0.35,1.24
24469,0.41,0.24,0.34,1.23
24712,0.41,0.24,0.34,1.24
24896,0.42,0.24,0.34,1.22
25257,0.42,0.24,0.34,1.22
25268,0.41,0.25,0.34,1.2
25442,0.42,0.24,0.34,1.19
25509,0.41,0.25,0.34,1.17
25542,0.42,0.24,0.34,1.18
25402,0.42,0.25,0.34,1.18
25344,0.42,0.24,0.34,1.18
25437,0.42,0.24,0.34,1.17
25490,0.42,0.25,0.34,1.15
25359,0.42,0.24,0.34,1.18
25286,0.42,0.24,0.34,1.17
25337,0.42,0.24,0.34,1.17
25237,0.42,0.24,0.34,1.17
25034,0.42,0.25,0.33,1.17
24980,0.42,0.24,0.34,1.17
21695,0.48,0.15,0.37,1.08
20593,0.4,0.28,0.32,1.11
20811,0.43,0.23,0.34,1.13
20452,0.42,0.25,0.33,1.16
21628,0.44,0.22,0.33,1.19
22993,0.43,0.23,0.34,1.24
23751,0.42,0.24,0.34,1.23
24256,0.41,0.24,0.35,1.23
24501,0.42,0.24,0.34,1.23
25072,0.42,0.24,0.34,1.22
25376,0.41,0.24,0.34,1.19
25709,0.42,0.24,0.34,1.2
25551,0.42,0.25,0.34,1.21
25830,0.42,0.24,0.34,1.21
25977,0.41,0.25,0.34,1.18
26233,0.42,0.24,0.34,1.18
26125,0.42,0.24,0.34,1.18
25976,0.42,0.25,0.34,1.19
26072,0.42,0.24,0.34,1.2
26101,0.41,0.25,0.34,1.2
26077,0.42,0.24,0.34,1.17
26054,0.42,0.25,0.34,1.21
26188,0.42,0.24,0.34,1.18
26292,0.42,0.24,0.34,1.19
26011,0.42,0.25,0.34,1.18
26039,0.42,0.24,0.34,1.18
21604,0.49,0.15,0.37,1.06
20544,0.41,0.28,0.31,1.11
20394,0.44,0.23,0.33,1.14
20243,0.42,0.24,0.34,1.18
21383,0.43,0.23,0.34,1.23
22553,0.43,0.23,0.34,1.26
23108,0.42,0.24,0.34,1.23
23654,0.42,0.24,0.34,1.24
24323,0.42,0.24,0.34,1.21
24785,0.42,0.24,0.34,1.23
25207,0.42,0.24,0.34,1.21
25603,0.41,0.24,0.35,1.21
25601,0.41,0.25,0.34,1.2
25506,0.42,0.25,0.34,1.18
25282,0.42,0.24,0.34,1.17
25273,0.42,0.24,0.34,1.17
25277,0.42,0.24,0.34,1.17
25269,0.42,0.24,0.34,1.19
25114,0.42,0.25,0.33,1.19
25174,0.42,0.24,0.34,1.17
25517,0.42,0.25,0.34,1.2
25467,0.42,0.24,0.34,1.2
25323,0.42,0.24,0.34,1.18
25304,0.42,0.24,0.34,1.17
25274,0.42,0.24,0.34,1.17
25347,0.41,0.25,0.34,1.18
21877,0.48,0.15,0.37,1.09
20916,0.41,0.28,0.32,1.12
21084,0.43,0.23,0.34,1.14
20733,0.42,0.25,0.33,1.18
22290,0.44,0.22,0.34,1.23
23634,0.43,0.23,0.34,1.24
24496,0.42,0.24,0.34,1.23
25121,0.41,0.24,0.34,1.2
25379,0.42,0.24,0.34,1.2
25909,0.42,0.24,0.34,1.18
26088,0.41,0.24,0.34,1.2
26106,0.42,0.24,0.34,1.19
26058,0.41,0.25,0.34,1.2
26252,0.42,0.24,0.34,1.19
26158,0.41,0.25,0.34,1.19
26137,0.42,0.24,0.34,1.18
26065,0.42,0.25,0.33,1.17
25814,0.42,0.24,0.33,1.19
25847,0.42,0.24,0.34,1.2
25907,0.41,0.25,0.34,1.19
25835,0.42,0.24,0.34,1.16
25966,0.42,0.24,0.34,1.18
25932,0.42,0.24,0.34,1.18
25961,0.42,0.24,0.34,1.21
26245,0.42,0.24,0.34,1.2
26555,0.42,0.24,0.34,1.19
21830,0.48,0.14,0.37,1.1
20812,0.4,0.28,0.32,1.13
20873,0.43,0.23,0.34,1.15
20536,0.42,0.25,0.34,1.14
21534,0.43,0.23,0.33,1.18
22145,0.43,0.23,0.34,1.18
22888,0.42,0.24,0.34,1.22
23804,0.42,0.24,0.35,1.23
24345,0.41,0.24,0.34,1.21
24655,0.41,0.25,0.34,1.19
24871,0.41,0.24,0.34,1.17
25081,0.42,0.24,0.34,1.15
24777,0.42,0.24,0.34,1.14
24356,0.42,0.24,0.33,1.16
24578,0.42,0.24,0.34,1.17
24379,0.42,0.25,0.34,1.19
24204,0.42,0.24,0.34,1.19
24461,0.42,0.24,0.34,1.19
24284,0.42,0.25,0.33,1.19
24074,0.42,0.24,0.34,1.19
24123,0.42,0.24,0.34,1.18
24208,0.41,0.25,0.34,1.18
24090,0.42,0.25,0.34,1.17
24087,0.42,0.24,0.34,1.17
23922,0.42,0.25,0.33,1.17
23953,0.42,0.24,0.34,1.16
21654,0.48,0.15,0.37,1.11
20950,0.4,0.27,0.32,1.16
20879,0.43,0.23,0.34,1.16
20816,0.42,0.24,0.34,1.16
22242,0.43,0.23,0.34,1.2
23534,0.43,0.23,0.34,1.2
24208,0.42,0.24,0.34,1.19
24907,0.42,0.24,0.34,1.2
25295,0.41,0.24,0.34,1.19
25519,0.42,0.24,0.34,1.19
26161,0.42,0.24,0.34,1.18
26287,0.42,0.24,0.34,1.17
26457,0.42,0.24,0.34,1.18
26568,0.42,0.24,0.34,1.16
26391,0.42,0.25,0.34,1.16
26557,0.42,0.24,0.34,1.16
26217,0.42,0.25,0.33,1.16
26179,0.42,0.24,0.34,1.17
25849,0.42,0.25,0.33,1.15
25649,0.42,0.24,0.34,1.15
25472,0.42,0.25,0.34,1.18
25509,0.42,0.24,0.34,1.21
25408,0.42,0.25,0.34,1.19
25703,0.42,0.24,0.34,1.18
25392,0.42,0.25,0.34,1.17
25403,0.42,0.24,0.34,1.17
21628,0.48,0.15,0.37,1.1
20814,0.4,0.28,0.32,1.13
21015,0.43,0.23,0.34,1.14
20714,0.42,0.25,0.33,1.15
21706,0.44,0.22,0.34,1.17
22753,0.43,0.23,0.34,1.23
23621,0.42,0.24,0.34,1.23
24189,0.42,0.24,0.34,1.22
24793,0.42,0.24,0.34,1.23
24952,0.41,0.25,0.34,1.22
25322,0.42,0.24,0.34,1.21
25385,0.41,0.25,0.34,1.21
25436,0.41,0.25,0.34,1.19
25323,0.42,0.24,0.34,1.17
25409,0.42,0.24,0.34,1.18
25325,0.42,0.25,0.33,1.18
25232,0.42,0.24,0.34,1.18
25081,0.42,0.24,0.34,1.17
25206,0.42,0.24,0.34,1.19
25188,0.41,0.25,0.34,1.18
25197,0.42,0.24,0.34,1.19
25380,0.42,0.24,0.34,1.2
25434,0.42,0.24,0.34,1.17
25507,0.42,0.24,0.34,1.2
25511,0.42,0.24,0.34,1.2
25490,0.42,0.24,0.34,1.2
21554,0.48,0.15,0.37,1.08
20764,0.41,0.28,0.32,1.11
20664,0.44,0.23,0.33,1.13
20476,0.42,0.24,0.33,1.16
21861,0.44,0.23,0.34,1.21
23314,0.43,0.23,0.34,1.24
24340,0.42,0.24,0.34,1.23
25250,0.42,0.24,0.34,1.22
25712,0.42,0.24,0.34,1.21
25984,0.42,0.24,0.34,1.2
26465,0.42,0.24,0.34,1.19
26513,0.42,0.24,0.34,1.18
26498,0.42,0.24,0.34,1.19
26514,0.42,0.24,0.34,1.2
26475,0.41,0.25,0.34,1.2
26464,0.42,0.24,0.34,1.17
26680,0.42,0.24,0.34,1.2
26557,0.42,0.25,0.34,1.19
26711,0.42,0.24,0.34,1.21
26663,0.42,0.25,0.34,1.2
26768,0.42,0.24,0.34,1.21
26907,0.42,0.24,0.34,1.18
26740,0.42,0.25,0.34,1.18
26695,0.42,0.24,0.34,1.17
26619,0.42,0.24,0.34,1.16
26539,0.42,0.25,0.34,1.17
21406,0.48,0.15,0.37,1.08
20470,0.41,0.27,0.32,1.14
20287,0.43,0.23,0.34,1.16
20333,0.42,0.25,0.34,1.17
21444,0.44,0.23,0.33,1.18
22815,0.43,0.22,0.34,1.2
23895,0.42,0.24,0.34,1.21
24429,0.41,0.24,0.34,1.21
25044,0.42,0.24,0.34,1.19
25443,0.42,0.24,0.34,1.19
25753,0.42,0.24,0.34,1.19
25828,0.41,0.25,0.34,1.19
25963,0.42,0.25,0.33,1.18
25861,0.42,0.24,0.34,1.18
25935,0.42,0.24,0.34,1.2
25831,0.42,0.25,0.34,1.2
25919,0.42,0.24,0.34,1.19
26131,0.41,0.24,0.34,1.17
26141,0.41,0.25,0.34,1.17
26220,0.42,0.24,0.34,1.17
26171,0.42,0.24,0.34,1.17
26283,0.42,0.24,0.34,1.16
26131,0.42,0.25,0.33,1.16
26159,0.42,0.24,0.34,1.16
26027,0.42,0.24,0.34,1.15
25777,0.42,0.25,0.34,1.16
21516,0.48,0.15,0.36,1.09
20435,0.41,0.28,0.32,1.13
20433,0.43,0.23,0.34,1.16
20179,0.42,0.25,0.33,1.17
21430,0.44,0.23,0.34,1.23
22551,0.42,0.23,0.35,1.24
23648,0.42,0.24,0.34,1.27
24572,0.42,0.24,0.35,1.28
25153,0.41,0.24,0.35,1.23
25392,0.41,0.25,0.34,1.22
25943,0.42,0.25,0.34,1.21
26151,0.42,0.24,0.34,1.21
26298,0.42,0.24,0.34,1.18
26252,0.41,0.25,0.34,1.2
26434,0.41,0.25,0.34,1.19
26638,0.42,0.24,0.34,1.17
26452,0.42,0.25,0.34,1.16
26386,0.42,0.24,0.34,1.17
26135,0.42,0.24,0.34,1.16
26105,0.42,0.24,0.34,1.17
26049,0.42,0.24,0.34,1.17
25764,0.42,0.24,0.34,1.19
25577,0.42,0.25,0.33,1.19
25575,0.42,0.24,0.34,1.18
25594,0.41,0.25,0.34,1.18
25598,0.42,0.24,0.34,1.19
21545,0.48,0.15,0.37,1.08
20345,0.41,0.28,0.31,1.13
20532,0.44,0.22,0.34,1.18
20365,0.42,0.25,0.34,1.19
21687,0.44,0.23,0.33,1.22
22897,0.43,0.23,0.34,1.23
23914,0.42,0.24,0.34,1.23
24782,0.42,0.24,0.34,1.23
25392,0.42,0.24,0.34,1.23
25911,0.41,0.24,0.34,1.22
26089,0.41,0.24,0.34,1.2
26295,0.42,0.25,0.34,1.18
26349,0.42,0.24,0.34,1.18
26252,0.42,0.25,0.34,1.17
26097,0.42,0.24,0.34,1.18
26114,0.42,0.24,0.34,1.19
26115,0.42,0.24,0.34,1.18
26040,0.42,0.24,0.34,1.16
25961,0.42,0.24,0.34,1.18
26036,0.42,0.24,0.34,1.2
26197,0.42,0.24,0.34,1.18
26283,0.42,0.24,0.34,1.16
26240,0.42,0.24,0.34,1.16
26135,0.42,0.25,0.33,1.18
26094,0.42,0.24,0.34,1.18
26042,0.42,0.24,0.34,1.17
21796,0.48,0.15,0.37,1.1
20728,0.4,0.28,0.31,1.12
20737,0.43,0.23,0.34,1.14
20498,0.42,0.25,0.33,1.15
21669,0.43,0.23,0.33,1.19
22928,0.43,0.23,0.34,1.21
23718,0.42,0.24,0.34,1.22
24557,0.42,0.24,0.34,1.23
24907,0.42,0.24,0.34,1.22
25186,0.42,0.24,0.34,1.2
25248,0.42,0.24,0.34,1.19
25260,0.42,0.25,0.34,1.21
25248,0.42,0.24,0.34,1.19
25196,0.42,0.25,0.34,1.18
25094,0.42,0.24,0.34,1.19
25053,0.42,0.24,0.34,1.17
25019,0.42,0.25,0.34,1.17
25112,0.42,0.24,0.34,1.18
25007,0.42,0.24,0.34,1.17
25155,0.42,0.24,0.34,1.16
25028,0.42,0.25,0.34,1.16
25101,0.42,0.24,0.34,1.19
25230,0.42,0.24,0.34,1.19
25289,0.42,0.24,0.34,1.2
25104,0.42,0.24,0.34,1.19
24998,0.42,0.25,0.33,1.19
21487,0.48,0.15,0.37,1.06
20375,0.41,0.28,0.32,1.11
20335,0.43,0.23,0.34,1.15
20267,0.42,0.25,0.33,1.15
21367,0.44,0.23,0.33,1.21
22454,0.43,0.23,0.34,1.23
23399,0.42,0.24,0.34,1.22
24128,0.42,0.24,0.34,1.19
24593,0.42,0.24,0.34,1.17
24834,0.42,0.24,0.34,1.17
24971,0.42,0.24,0.34,1.19
24692,0.42,0.25,0.34,1.18
24819,0.42,0.24,0.34,1.17
24721,0.41,0.25,0.34,1.17
24757,0.42,0.24,0.34,1.19
24544,0.42,0.25,0.33,1.19
24651,0.42,0.24,0.34,1.18
24679,0.42,0.25,0.34,1.17
24815,0.42,0.24,0.34,1.17
24742,0.42,0.25,0.33,1.16
24610,0.42,0.24,0.34,1.16
24475,0.42,0.25,0.34,1.19
24671,0.42,0.24,0.34,1.18
24708,0.42,0.24,0.34,1.19
24827,0.41,0.25,0.34,1.19
24804,0.42,0.25,0.33,1.18
21639,0.48,0.15,0.37,1.08
20712,0.41,0.27,0.32,1.12
20575,0.43,0.23,0.33,1.15
20279,0.42,0.24,0.34,1.18
21380,0.44,0.23,0.33,1.22
22675,0.42,0.23,0.35,1.21
23381,0.42,0.24,0.34,1.22
24057,0.42,0.24,0.34,1.23
24479,0.42,0.24,0.34,1.22
24976,0.42,0.24,0.34,1.19
25188,0.42,0.24,0.34,1.18
25080,0.42,0.25,0.34,1.17
25128,0.42,0.24,0.34,1.17
24994,0.42,0.25,0.33,1.19
25001,0.42,0.24,0.34,1.19
25014,0.42,0.25,0.34,1.19
24858,0.42,0.24,0.34,1.19
24920,0.42,0.24,0.34,1.17
24872,0.42,0.25,0.34,1.17
24791,0.42,0.24,0.34,1.17
24588,0.42,0.25,0.33,1.18
24417,0.42,0.24,0.34,1.17
24477,0.42,0.24,0.34,1.17
24238,0.42,0.25,0.33,1.17
24215,0.42,0.24,0.34,1.18
24138,0.41,0.25,0.34,1.19
21488,0.48,0.15,0.37,1.07
20407,0.41,0.28,0.31,1.1
20173,0.44,0.22,0.34,1.12
19953,0.42,0.24,0.33,1.15
20947,0.44,0.23,0.33,1.19
21932,0.43,0.23,0.34,1.22
22877,0.42,0.24,0.34,1.24
23619,0.41,0.24,0.34,1.2
23902,0.42,0.25,0.34,1.2
24119,0.42,0.24,0.34,1.18
24085,0.41,0.25,0.34,1.17
23946,0.42,0.24,0.33,1.17
23878,0.42,0.24,0.33,1.17
24028,0.42,0.24,0.34,1.19
24110,0.42,0.25,0.34,1.19
24086,0.42,0.24,0.34,1.19
24008,0.42,0.24,0.34,1.18
23931,0.42,0.24,0.34,1.16
24126,0.42,0.24,0.34,1.16
23921,0.42,0.25,0.33,1.16
23966,0.42,0.24,0.34,1.18
23920,0.42,0.24,0.34,1.18
23911,0.42,0.24,0.34,1.2
23854,0.42,0.24,0.34,1.18
23870,0.42,0.24,0.34,1.19
23926,0.41,0.25,0.34,1.18
21547,0.49,0.15,0.37,1.07
20343,0.41,0.28,0.31,1.11
20234,0.43,0.22,0.34,1.13
20016,0.42,0.25,0.33,1.14
20928,0.44,0.23,0.33,1.16
22133,0.43,0.23,0.34,1.19
22635,0.42,0.24,0.34,1.19
22929,0.42,0.24,0.33,1.2
23220,0.42,0.24,0.34,1.21
23412,0.41,0.25,0.34,1.21
23716,0.41,0.24,0.34,1.2
23985,0.41,0.25,0.34,1.19
23946,0.42,0.25,0.34,1.2
24208,0.42,0.24,0.34,1.19
24406,0.41,0.25,0.34,1.18
24472,0.42,0.24,0.34,1.18
24495,0.42,0.24,0.34,1.19
24456,0.42,0.25,0.34,1.18
24409,0.42,0.24,0.34,1.16
24514,0.42,0.24,0.34,1.16
24340,0.42,0.25,0.33,1.16
24236,0.42,0.24,0.34,1.17
24123,0.42,0.24,0.34,1.19
23925,0.42,0.25,0.34,1.19
24104,0.42,0.24,0.34,1.19
24097,0.42,0.25,0.34,1.18
21729,0.48,0.15,0.37,1.08
20737,0.4,0.28,0.31,1.14
20709,0.43,0.23,0.34,1.13
20375,0.42,0.25,0.33,1.14
21635,0.44,0.22,0.33,1.19
22819,0.43,0.23,0.34,1.21
23382,0.42,0.24,0.34,1.2
23952,0.42,0.24,0.34,1.24
24475,0.42,0.24,0.34,1.22
24999,0.42,0.24,0.34,1.2
25220,0.42,0.24,0.34,1.19
25685,0.42,0.24,0.34,1.2
25685,0.42,0.24,0.34,1.18
25624,0.42,0.24,0.34,1.18
25587,0.42,0.24,0.34,1.18
25677,0.42,0.24,0.34,1.18
25705,0.42,0.24,0.34,1.19
25953,0.42,0.24,0.34,1.19
26013,0.42,0.25,0.34,1.18
26148,0.42,0.24,0.34,1.19
26151,0.42,0.25,0.34,1.17
26061,0.42,0.24,0.34,1.16
26004,0.42,0.24,0.34,1.17
26042,0.42,0.24,0.34,1.18
25938,0.42,0.25,0.34,1.18
25964,0.42,0.24,0.34,1.17
21434,0.49,0.14,0.37,1.06
20374,0.4,0.28,0.31,1.11
20242,0.43,0.23,0.34,1.13
20092,0.42,0.25,0.33,1.16
21436,0.44,0.23,0.34,1.21
22444,0.43,0.23,0.34,1.22
23403,0.42,0.24,0.34,1.21
24281,0.42,0.24,0.34,1.2
24871,0.41,0.24,0.34,1.21
25233,0.42,0.24,0.34,1.2
25550,0.42,0.24,0.34,1.2
25941,0.42,0.24,0.34,1.2
26045,0.42,0.24,0.34,1.2
26355,0.42,0.24,0.34,1.2
26412,0.41,0.25,0.34,1.18
26512,0.42,0.24,0.34,1.18
26471,0.42,0.24,0.34,1.18
26387,0.42,0.25,0.34,1.17
26295,0.42,0.25,0.34,1.18
26285,0.42,0.24,0.34,1.19
26173,0.42,0.25,0.34,1.18
26121,0.42,0.24,0.34,1.17
26117,0.42,0.24,0.34,1.19
26197,0.42,0.24,0.34,1.18
26477,0.42,0.24,0.34,1.2
26311,0.42,0.25,0.33,1.21
21362,0.49,0.15,0.37,1.11
20429,0.41,0.27,0.32,1.14
20446,0.43,0.23,0.34,1.15
20337,0.42,0.25,0.33,1.17
21653,0.44,0.23,0.33,1.23
22563,0.43,0.23,0.34,1.23
23218,0.42,0.24,0.34,1.2
24024,0.41,0.24,0.34,1.22
24822,0.42,0.24,0.34,1.21
25359,0.42,0.24,0.34,1.2
25673,0.41,0.25,0.34,1.18
25743,0.42,0.24,0.34,1.18
25826,0.42,0.24,0.34,1.19
25978,0.41,0.25,0.34,1.19
26054,0.42,0.24,0.34,1.19
25872,0.42,0.24,0.34,1.18
25864,0.42,0.24,0.34,1.17
25942,0.42,0.24,0.34,1.18
26269,0.42,0.24,0.34,1.17
26441,0.42,0.25,0.34,1.19
26375,0.42,0.24,0.34,1.19
26226,0.42,0.24,0.34,1.2
26398,0.41,0.24,0.34,1.19
26283,0.42,0.25,0.34,1.18
26463,0.42,0.24,0.34,1.17
26491,0.42,0.24,0.34,1.17
21683,0.48,0.15,0.37,1.08
20680,0.41,0.28,0.31,1.12
20604,0.44,0.22,0.34,1.14
20248,0.42,0.25,0.34,1.18
21548,0.44,0.23,0.34,1.21
22833,0.43,0.23,0.34,1.21
23507,0.42,0.24,0.34,1.23
24077,0.42,0.24,0.34,1.21
24258,0.42,0.24,0.34,1.2
24588,0.42,0.24,0.34,1.2
24660,0.42,0.25,0.34,1.2
24850,0.42,0.24,0.34,1.22
25152,0.41,0.24,0.35,1.2
25149,0.41,0.25,0.34,1.19
25037,0.41,0.25,0.34,1.17
25155,0.41,0.25,0.34,1.18
25143,0.42,0.24,0.34,1.18
25218,0.42,0.25,0.34,1.18
25176,0.42,0.25,0.33,1.18
25280,0.42,0.24,0.34,1.17
25044,0.42,0.25,0.33,1.18
25014,0.42,0.24,0.34,1.18
24739,0.42,0.25,0.34,1.17
24816,0.42,0.24,0.34,1.17
24772,0.42,0.24,0.34,1.16
24617,0.42,0.24,0.34,1.18
21584,0.49,0.15,0.37,1.05
20663,0.41,0.27,0.32,1.11
20387,0.44,0.23,0.33,1.15
20226,0.42,0.25,0.33,1.19
21692,0.44,0.22,0.34,1.24
22861,0.43,0.23,0.34,1.26
23984,0.42,0.23,0.35,1.28
24978,0.41,0.24,0.35,1.27
25645,0.41,0.24,0.34,1.23
26013,0.41,0.24,0.34,1.21
26191,0.41,0.25,0.34,1.18
26488,0.41,0.24,0.35,1.19
26386,0.41,0.25,0.34,1.18
26480,0.42,0.24,0.34,1.19
26521,0.41,0.25,0.34,1.18
26847,0.42,0.24,0.34,1.16
26872,0.42,0.25,0.34,1.17
27219,0.42,0.24,0.34,1.17
27057,0.42,0.25,0.33,1.17
26862,0.42,0.24,0.34,1.18
26544,0.42,0.24,0.34,1.17
26746,0.42,0.24,0.34,1.17
26509,0.42,0.25,0.34,1.18
26853,0.42,0.24,0.34,1.18
26866,0.42,0.25,0.34,1.17
27176,0.42,0.24,0.34,1.15
21784,0.48,0.15,0.37,1.1
20810,0.4,0.28,0.32,1.13
20788,0.43,0.23,0.34,1.16
20559,0.42,0.25,0.33,1.15
21515,0.43,0.23,0.34,1.2
22551,0.43,0.23,0.34,1.21
23196,0.42,0.24,0.34,1.22
23953,0.42,0.24,0.34,1.22
24361,0.42,0.24,0.34,1.21
24691,0.42,0.24,0.34,1.21
24793,0.42,0.24,0.34,1.2
25088,0.42,0.24,0.34,1.2
25079,0.42,0.25,0.34,1.19
24952,0.42,0.24,0.34,1.21
24824,0.42,0.25,0.34,1.2
24880,0.42,0.24,0.34,1.16
24823,0.41,0.24,0.34,1.18
24854,0.42,0.24,0.34,1.18
24772,0.42,0.25,0.33,1.17
24554,0.42,0.24,0.34,1.16
24512,0.42,0.24,0.34,1.19
24246,0.42,0.25,0.34,1.2
24394,0.41,0.24,0.34,1.21
24502,0.41,0.25,0.34,1.21
24515,0.42,0.25,0.34,1.2
24658,0.42,0.24,0.34,1.2
21771,0.49,0.14,0.37,1.09
20638,0.4,0.28,0.32,1.12
20530,0.44,0.23,0.33,1.16
20209,0.42,0.24,0.34,1.16
21366,0.44,0.23,0.33,1.21
22470,0.43,0.23,0.34,1.23
23613,0.42,0.24,0.34,1.22
24222,0.42,0.24,0.34,1.22
24474,0.42,0.24,0.34,1.19
24770,0.42,0.24,0.34,1.19
24948,0.42,0.25,0.34,1.2
25118,0.42,0.24,0.34,1.2
25576,0.42,0.24,0.34,1.2
25580,0.42,0.25,0.34,1.18
25800,0.42,0.24,0.34,1.19
25829,0.41,0.25,0.34,1.17
25723,0.42,0.25,0.33,1.16
25445,0.42,0.24,0.33,1.16
25451,0.42,0.24,0.34,1.18
25298,0.42,0.25,0.34,1.18
25199,0.42,0.25,0.33,1.15
25142,0.42,0.24,0.34,1.16
25082,0.42,0.24,0.34,1.17
24971,0.42,0.24,0.34,1.19
24803,0.42,0.24,0.34,1.18
24736,0.42,0.24,0.34,1.19
21663,0.48,0.15,0.37,1.07
20659,0.41,0.28,0.31,1.1
20541,0.44,0.23,0.34,1.13
20200,0.42,0.25,0.33,1.16
21587,0.44,0.22,0.33,1.21
22981,0.43,0.23,0.34,1.22
23791,0.42,0.24,0.34,1.2
24436,0.42,0.24,0.34,1.2
25319,0.42,0.24,0.34,1.23
25664,0.42,0.24,0.34,1.22
26053,0.42,0.24,0.34,1.19
26110,0.42,0.24,0.34,1.18
26158,0.42,0.24,0.34,1.19
25892,0.42,0.25,0.34,1.19
25876,0.42,0.24,0.34,1.17
25824,0.42,0.24,0.34,1.16
25405,0.42,0.25,0.33,1.18
25595,0.42,0.24,0.34,1.18
25518,0.41,0.25,0.34,1.19
25448,0.42,0.24,0.34,1.18
25299,0.42,0.25,0.34,1.17
25399,0.42,0.25,0.34,1.17
25418,0.42,0.25,0.34,1.17
25348,0.42,0.24,0.34,1.16
25254,0.42,0.24,0.34,1.18
25033,0.42,0.24,0.34,1.18
21744,0.48,0.15,0.37,1.09
20679,0.41,0.28,0.31,1.12
20546,0.44,0.23,0.34,1.15
20167,0.42,0.25,0.33,1.18
21342,0.44,0.22,0.34,1.19
22429,0.43,0.23,0.34,1.22
23449,0.42,0.24,0.34,1.22
24121,0.42,0.24,0.34,1.23
24547,0.42,0.24,0.34,1.23
24931,0.41,0.24,0.34,1.22
25406,0.41,0.25,0.34,1.21
25558,0.42,0.24,0.34,1.19
25824,0.42,0.24,0.34,1.19
25833,0.42,0.24,0.34,1.18
25799,0.42,0.24,0.34,1.16
25634,0.42,0.24,0.34,1.17
25184,0.42,0.25,0.33,1.19
25132,0.42,0.24,0.34,1.2
25215,0.42,0.24,0.34,1.19
25158,0.41,0.25,0.34,1.19
24941,0.42,0.24,0.34,1.2
24935,0.42,0.24,0.34,1.2
25058,0.42,0.24,0.34,1.19
25142,0.41,0.25,0.34,1.19
25141,0.42,0.25,0.34,1.18
25184,0.42,0.24,0.34,1.18
21558,0.49,0.15,0.36,1.06
20479,0.41,0.27,0.32,1.1
20137,0.43,0.23,0.33,1.12
19622,0.43,0.24,0.33,1.13
20480,0.44,0.23,0.33,1.16
21459,0.44,0.23,0.34,1.19
21951,0.43,0.23,0.34,1.2
22362,0.42,0.24,0.34,1.19
22643,0.42,0.24,0.34,1.22
22929,0.41,0.24,0.34,1.22
23038,0.42,0.24,0.34,1.2
23367,0.42,0.24,0.34,1.23
23777,0.42,0.24,0.34,1.22
23909,0.41,0.24,0.34,1.2
23843,0.42,0.25,0.34,1.18
23834,0.42,0.24,0.34,1.17
23745,0.42,0.25,0.34,1.18
23613,0.42,0.24,0.33,1.19
23529,0.42,0.24,0.34,1.18
23613,0.41,0.24,0.34,1.17
23396,0.42,0.25,0.33,1.16
23269,0.42,0.24,0.34,1.17
23174,0.42,0.24,0.34,1.17
23158,0.42,0.24,0.34,1.17
22871,0.42,0.25,0.33,1.18
22546,0.42,0.24,0.33,1.17
21719,0.48,0.15,0.37,1.09
20961,0.4,0.28,0.32,1.12
20909,0.44,0.23,0.34,1.16
20671,0.42,0.25,0.34,1.16
21766,0.44,0.23,0.33,1.22
22822,0.43,0.23,0.34,1.2
23763,0.42,0.24,0.34,1.22
24505,0.42,0.24,0.35,1.23
24912,0.41,0.25,0.34,1.23
25170,0.41,0.25,0.34,1.22
25356,0.42,0.24,0.34,1.22
25538,0.42,0.24,0.34,1.2
25648,0.41,0.24,0.34,1.18
25676,0.41,0.25,0.34,1.18
25563,0.42,0.24,0.34,1.2
25495,0.42,0.24,0.34,1.2
25387,0.42,0.24,0.34,1.18
25376,0.42,0.24,0.34,1.16
25388,0.42,0.24,0.34,1.17
25517,0.42,0.25,0.34,1.17
25226,0.42,0.24,0.34,1.19
24921,0.42,0.25,0.34,1.16
24751,0.42,0.24,0.33,1.15
24499,0.42,0.25,0.33,1.16
24380,0.42,0.24,0.34,1.16
24398,0.42,0.24,0.34,1.18
21539,0.48,0.15,0.37,1.08
20506,0.4,0.28,0.32,1.09
20446,0.43,0.23,0.34,1.11
20092,0.42,0.25,0.33,1.14
21421,0.44,0.23,0.33,1.18
22412,0.43,0.23,0.34,1.21
23280,0.42,0.24,0.34,1.21
24011,0.42,0.24,0.34,1.22
24929,0.41,0.24,0.35,1.23
25073,0.42,0.25,0.34,1.22
25372,0.42,0.24,0.34,1.21
25531,0.42,0.24,0.34,1.2
25736,0.41,0.24,0.34,1.19
25778,0.42,0.25,0.34,1.18
25899,0.42,0.24,0.34,1.17
25879,0.42,0.25,0.33,1.16
25645,0.42,0.24,0.33,1.18
25755,0.42,0.24,0.34,1.17
25718,0.42,0.24,0.34,1.16
25771,0.42,0.24,0.34,1.18
25558,0.42,0.24,0.33,1.17
25506,0.42,0.24,0.34,1.15
25440,0.42,0.24,0.34,1.17
25299,0.42,0.24,0.34,1.17
25516,0.42,0.24,0.34,1.17
25434,0.42,0.24,0.34,1.16
21680,0.49,0.14,0.37,1.08
20687,0.4,0.28,0.32,1.11
20647,0.44,0.23,0.34,1.14
20514,0.42,0.24,0.33,1.17
21497,0.44,0.23,0.33,1.17
22472,0.43,0.23,0.34,1.21
23376,0.43,0.23,0.34,1.24
23953,0.42,0.24,0.34,1.25
24780,0.41,0.24,0.35,1.25
25009,0.41,0.25,0.34,1.25
25331,0.41,0.24,0.34,1.22
25394,0.42,0.24,0.34,1.2
25425,0.42,0.24,0.34,1.21
25591,0.41,0.25,0.34,1.21
25886,0.42,0.24,0.34,1.2
25881,0.42,0.25,0.34,1.2
25921,0.42,0.24,0.34,1.19
25888,0.42,0.24,0.34,1.19
25963,0.42,0.25,0.34,1.17
25934,0.42,0.24,0.34,1.16
25732,0.42,0.25,0.33,1.18
25368,0.42,0.24,0.33,1.17
25161,0.42,0.24,0.34,1.19
25120,0.42,0.24,0.34,1.18
25208,0.42,0.24,0.34,1.19
25459,0.42,0.25,0.34,1.19
21898,0.48,0.15,0.37,1.09
20939,0.4,0.28,0.32,1.11
21095,0.44,0.23,0.34,1.12
20831,0.42,0.25,0.34,1.16
22161,0.43,0.23,0.34,1.21
23368,0.43,0.23,0.34,1.25
24201,0.42,0.24,0.34,1.25
24625,0.41,0.24,0.34,1.23
25139,0.41,0.24,0.35,1.22
25471,0.42,0.25,0.34,1.23
25857,0.41,0.24,0.35,1.2
25992,0.41,0.25,0.34,1.21
26243,0.42,0.24,0.34,1.2
26454,0.42,0.24,0.34,1.18
26419,0.42,0.24,0.34,1.17
26547,0.42,0.24,0.34,1.16
26525,0.42,0.24,0.34,1.19
26331,0.41,0.25,0.34,1.19
26653,0.42,0.24,0.34,1.2
26233,0.42,0.24,0.34,1.21
26316,0.42,0.24,0.34,1.21
26267,0.42,0.25,0.34,1.2
26295,0.42,0.24,0.34,1.19
26462,0.42,0.24,0.34,1.17
26287,0.42,0.25,0.34,1.18
25980,0.42,0.24,0.34,1.19
21621,0.48,0.15,0.37,1.08
20440,0.41,0.28,0.32,1.13
20428,0.43,0.23,0.34,1.16
20322,0.42,0.25,0.33,1.18
21595,0.44,0.22,0.33,1.24
22990,0.43,0.22,0.35,1.26
23926,0.42,0.24,0.34,1.23
24733,0.42,0.24,0.35,1.21
25223,0.41,0.25,0.34,1.21
25753,0.42,0.24,0.34,1.2
26129,0.41,0.25,0.34,1.2
26320,0.42,0.24,0.34,1.19
26141,0.42,0.25,0.34,1.18
25973,0.42,0.24,0.34,1.16
25766,0.42,0.24,0.34,1.17
25669,0.42,0.24,0.34,1.17
25552,0.42,0.24,0.34,1.2
25514,0.42,0.25,0.34,1.19
25569,0.42,0.24,0.34,1.19
25445,0.42,0.24,0.34,1.19
25429,0.42,0.24,0.34,1.19
25675,0.42,0.24,0.34,1.18
25596,0.42,0.25,0.34,1.17
25540,0.42,0.24,0.34,1.18
25525,0.42,0.25,0.34,1.18
25647,0.42,0.24,0.34,1.18
21691,0.48,0.15,0.37,1.09
20745,0.4,0.28,0.32,1.13
20669,0.44,0.22,0.34,1.13
20423,0.42,0.25,0.33,1.17
21749,0.44,0.23,0.34,1.2
22868,0.43,0.23,0.34,1.21
23830,0.42,0.24,0.34,1.24
24635,0.41,0.24,0.35,1.22
24873,0.42,0.24,0.34,1.23
25454,0.41,0.24,0.35,1.21
25903,0.41,0.25,0.34,1.2
25881,0.42,0.25,0.34,1.19
25863,0.42,0.24,0.34,1.2
26019,0.41,0.24,0.34,1.2
25992,0.42,0.25,0.34,1.2
26161,0.42,0.24,0.34,1.19
26148,0.42,0.25,0.34,1.18
26072,0.42,0.24,0.34,1.16
25793,0.42,0.25,0.34,1.16
25598,0.42,0.25,0.33,1.17
25606,0.42,0.24,0.34,1.17
25575,0.42,0.24,0.34,1.19
25444,0.42,0.25,0.34,1.2
25711,0.42,0.24,0.35,1.2
25663,0.41,0.25,0.34,1.2
25627,0.42,0.24,0.34,1.2
21795,0.48,0.15,0.37,1.08
20746,0.4,0.28,0.32,1.12
20594,0.44,0.23,0.33,1.16
20397,0.42,0.24,0.34,1.18
21605,0.43,0.23,0.34,1.22
23021,0.43,0.23,0.35,1.24
23566,0.42,0.24,0.34,1.26
24395,0.42,0.24,0.34,1.25
25115,0.41,0.24,0.35,1.23
25382,0.41,0.25,0.34,1.21
25776,0.42,0.24,0.34,1.2
26280,0.41,0.24,0.34,1.2
26205,0.41,0.25,0.34,1.18
26187,0.42,0.24,0.34,1.17
26221,0.42,0.24,0.34,1.17
26054,0.42,0.24,0.34,1.16
26043,0.42,0.24,0.34,1.17
25780,0.42,0.25,0.34,1.17
25749,0.42,0.25,0.34,1.17
25775,0.42,0.24,0.34,1.18
25735,0.42,0.24,0.34,1.17
25629,0.42,0.24,0.34,1.17
25781,0.42,0.24,0.34,1.15
25513,0.42,0.25,0.34,1.15
25364,0.42,0.24,0.34,1.18
25292,0.42,0.24,0.34,1.19
21763,0.48,0.14,0.37,1.08
20865,0.4,0.28,0.32,1.11
20672,0.44,0.23,0.33,1.12
20384,0.42,0.24,0.33,1.15
21414,0.44,0.22,0.34,1.19
22279,0.43,0.23,0.34,1.19
23200,0.42,0.24,0.34,1.2
23751,0.42,0.24,0.34,1.2
24208,0.42,0.24,0.34,1.19
24565,0.42,0.24,0.34,1.2
24698,0.42,0.24,0.34,1.17
24911,0.42,0.24,0.34,1.19
25078,0.42,0.24,0.34,1.18
25051,0.41,0.24,0.34,1.17
24986,0.41,0.25,0.34,1.17
24843,0.42,0.24,0.34,1.17
24445,0.42,0.25,0.33,1.15
24376,0.42,0.24,0.33,1.15
24167,0.42,0.24,0.34,1.16
24068,0.42,0.24,0.34,1.18
23874,0.42,0.25,0.34,1.2
23928,0.42,0.24,0.34,1.17
24088,0.41,0.25,0.34,1.17
23765,0.42,0.24,0.33,1.18
23752,0.42,0.24,0.34,1.17
23410,0.42,0.25,0.33,1.17
21587,0.48,0.15,0.37,1.09
20592,0.41,0.27,0.32,1.15
20609,0.43,0.23,0.34,1.17
20538,0.42,0.25,0.33,1.16
22278,0.44,0.22,0.34,1.22
23488,0.42,0.23,0.34,1.22
24387,0.42,0.24,0.34,1.23
25188,0.42,0.24,0.35,1.22
25685,0.41,0.25,0.34,1.2
25918,0.42,0.24,0.34,1.2
26208,0.42,0.24,0.34,1.2
26687,0.42,0.24,0.34,1.18
26392,0.42,0.25,0.34,1.18
26454,0.42,0.24,0.34,1.18
26649,0.42,0.24,0.34,1.2
26515,0.41,0.25,0.34,1.18
26523,0.42,0.24,0.34,1.2
26361,0.42,0.25,0.34,1.19
26589,0.42,0.24,0.34,1.18
26452,0.42,0.25,0.33,1.17
26560,0.42,0.24,0.34,1.18
26619,0.42,0.25,0.33,1.15
26699,0.42,0.24,0.34,1.16
26625,0.42,0.25,0.34,1.17
26744,0.42,0.24,0.33,1.2
26666,0.42,0.24,0.34,1.18
21618,0.48,0.15,0.37,1.07
20715,0.41,0.28,0.31,1.1
20413,0.43,0.23,0.34,1.12
19981,0.42,0.25,0.33,1.11
21294,0.44,0.22,0.33,1.21
22687,0.43,0.23,0.34,1.26
23750,0.41,0.24,0.35,1.24
24683,0.41,0.24,0.34,1.2
25263,0.41,0.25,0.34,1.22
25737,0.41,0.24,0.34,1.2
25890,0.42,0.24,0.34,1.19
26290,0.41,0.24,0.34,1.19
26382,0.42,0.25,0.34,1.17
26263,0.42,0.24,0.34,1.18
26312,0.42,0.25,0.33,1.18
26591,0.42,0.24,0.34,1.17
26447,0.42,0.25,0.34,1.16
26341,0.42,0.24,0.34,1.18
26317,0.42,0.25,0.34,1.19
26334,0.42,0.24,0.34,1.19
26342,0.42,0.24,0.34,1.2
26436,0.42,0.24,0.34,1.2
26486,0.41,0.25,0.34,1.2
26701,0.42,0.24,0.34,1.19
26741,0.42,0.24,0.34,1.17
26589,0.42,0.24,0.34,1.16
21570,0.48,0.15,0.37,1.08
20712,0.41,0.28,0.32,1.12
20563,0.44,0.23,0.34,1.13
20257,0.42,0.25,0.34,1.18
21563,0.44,0.23,0.33,1.23
23078,0.43,0.22,0.34,1.25
23976,0.42,0.24,0.34,1.27
24975,0.42,0.24,0.35,1.26
25801,0.41,0.24,0.34,1.24
26155,0.41,0.24,0.34,1.21
26360,0.42,0.24,0.34,1.21
26429,0.42,0.24,0.34,1.22
26443,0.41,0.25,0.34,1.19
26648,0.41,0.24,0.34,1.2
27044,0.41,0.24,0.34,1.2
27262,0.42,0.25,0.34,1.2
27299,0.42,0.24,0.34,1.19
27350,0.42,0.24,0.34,1.19
27053,0.42,0.25,0.34,1.18
27186,0.42,0.24,0.34,1.19
27128,0.42,0.24,0.34,1.18
27089,0.42,0.24,0.34,1.18
27086,0.42,0.25,0.34,1.18
27148,0.42,0.24,0.34,1.18
26861,0.42,0.24,0.34,1.18
26756,0.42,0.24,0.34,1.17
21844,0.48,0.15,0.37,1.08
20890,0.4,0.28,0.31,1.12
20912,0.43,0.23,0.34,1.17
20582,0.42,0.25,0.33,1.19
21795,0.44,0.23,0.33,1.22
23062,0.43,0.23,0.34,1.23
24072,0.42,0.24,0.34,1.24
24695,0.42,0.24,0.34,1.22
24974,0.41,0.24,0.34,1.21
24902,0.41,0.25,0.34,1.18
25064,0.42,0.24,0.34,1.15
24971,0.42,0.24,0.34,1.15
24836,0.42,0.24,0.34,1.17
24639,0.42,0.25,0.33,1.17
24843,0.42,0.24,0.34,1.17
24954,0.42,0.25,0.34,1.19
25102,0.42,0.24,0.34,1.21
25356,0.41,0.24,0.34,1.22
25385,0.41,0.24,0.34,1.2
25702,0.42,0.24,0.34,1.19
25837,0.41,0.25,0.34,1.18
25848,0.42,0.24,0.34,1.18
25624,0.42,0.24,0.34,1.2
25717,0.42,0.24,0.34,1.19
25770,0.42,0.24,0.34,1.18
25800,0.42,0.25,0.34,1.18
